N,T,suffix,model,method,pick_periods,n,objective,root_time,solving_time,MIP_gap,relaxation_gap,nodes,proportion_of_set_up_costs,proportion_of_holding_costs,set_up_costs_proportion_at_warehouse,set_up_costs_proportion_at_retailers,nb_set_ups_at_warehouse,nb_set_ups_at_retailers,holding_costs_proportion_warehouse,holding_costs_proportion_retailers,nb_variables,nb_binary_variables,nb_constraints,
50,15,DD_DF,mc,not_sequential,all,0.0,51242.21999999999,0.11012430191040037,0.20199410915374752,0.0,4.78808437298921e-16,0.0,0.6134439836474608,0.38655601635253956,0.49369955205584937,0.5063004479441506,6.5,368.1,0.21903613254169393,0.7809638674583059,27130.0,15.0,24816.0,
50,15,DD_DF,tp,not_sequential,all,0.0,51242.22,0.12130610942840572,0.24638183116912837,0.0,1.574468010657495e-16,0.0,0.6134439836474606,0.38655601635253956,0.49369955205584937,0.5063004479441506,6.5,368.1,0.2190361325416939,0.7809638674583059,41565.0,15.0,18750.0,
50,15,DD_DF,sp,not_sequential,all,0.0,51242.22000000001,0.11933181285858152,0.3147334337234497,0.0,8.473783280935028e-17,0.0,0.6133470663903524,0.3866529336096476,0.49377645321175423,0.5062235467882458,6.5,367.9,0.2185758403032069,0.7814241596967932,41565.0,15.0,13740.0,
50,15,DD_DF,spc,not_sequential,all,0.0,51242.22,0.1106214046478271,0.3035186767578125,0.0,4.191225144342676e-17,0.0,0.6134439836474606,0.38655601635253944,0.49369955205584937,0.5063004479441506,6.5,368.1,0.219036132541694,0.7809638674583061,34765.0,15.0,7500.0,
50,15,DD_DF,tpc,not_sequential,all,0.0,51242.22,0.09815542697906489,0.2102141380310058,0.0,1.1337525205776226e-16,0.0,0.6134439836474604,0.3865560163525394,0.49369955205584937,0.5063004479441506,6.5,368.1,0.219036132541694,0.7809638674583063,35445.0,15.0,12750.0,
50,15,DD_DF,ses,not_sequential,all,0.0,51242.22000000001,0.08787827491760249,1.896781587600708,1.0227967526863354e-05,0.055216679496774,114.3,0.6133470663903523,0.38665293360964764,0.49377645321175423,0.5062235467882458,6.5,367.9,0.2185758403032069,0.7814241596967931,6885.0,765.0,6900.0,
50,15,DD_DF,es,not_sequential,all,0.0,51242.532999999974,0.008954691886901808,3.492910051345825,9.211523688561627e-05,0.6695517174949538,635.8,0.6135207638345374,0.3864792361654628,0.49363443118891004,0.50636556881109,6.5,368.2000000000001,0.21937105196168077,0.7806289480383185,2346.0,765.0,1596.0,
50,15,DD_SF,mc,not_sequential,all,0.0,54583.45099999998,0.19575126171112056,0.33127665519714355,4.33648147206256e-08,3.418231522189237e-05,0.0,0.6050049630863025,0.39499503691369797,0.5360601484015293,0.46393985159847073,6.0,358.3,0.2271199930472001,0.7728800069527997,27130.0,15.0,24816.0,
50,15,DD_DF,owmr,not_sequential,all,0.0,51242.48400000002,0.00477550029754633,7.346356797218323,8.614682779973613e-05,0.942341180590381,1201.7,0.6134100924501797,0.38658990754982014,0.49372633617778766,0.5062736638222124,6.5,367.89999999999907,0.21830619162296966,0.7816938083770305,2346.0,765.0,1581.0,
50,15,DD_SF,sp,not_sequential,all,0.0,54583.451,0.1608375787734985,0.3977117300033569,0.0,3.4182315221472804e-05,0.0,0.6050049630863021,0.3949950369136978,0.5360601484015293,0.46393985159847073,6.0,358.3,0.2271199930472001,0.7728800069527999,41565.0,15.0,13740.0,
50,15,DD_SF,tp,not_sequential,all,0.0,54583.451,0.1719079971313476,0.3025869369506836,0.0,3.418231522149256e-05,0.0,0.6050273464074594,0.3949726535925407,0.5360381444310434,0.4639618555689566,6.0,358.3,0.22723439608493656,0.7727656039150632,41565.0,15.0,18750.0,
50,15,DD_SF,spc,not_sequential,all,0.0,54583.451,0.13815970420837398,0.35520737171173095,0.0,3.418231522145966e-05,0.3,0.6050630691013723,0.3949369308986277,0.5360022318392161,0.46399776816078386,6.0,358.4,0.22733755155011304,0.7726624484498869,34765.0,15.0,7500.0,
50,15,DD_SF,tpc,not_sequential,all,0.0,54583.451,0.15618002414703366,0.2831959962844849,8.16342637544885e-06,3.418231522148113e-05,0.0,0.6050185738867471,0.39498142611325304,0.5360483256562523,0.46395167434374773,6.0,358.3,0.22710269699074007,0.7728973030092595,35445.0,15.0,12750.0,
50,15,DD_SF,ses,not_sequential,all,0.0,54583.451,0.10882821083068846,2.798850250244141,0.0,0.06945731478033548,259.5,0.6050351208704595,0.39496487912954054,0.5360364006699649,0.46396359933003495,6.0,358.3,0.22738232506685435,0.7726176749331455,6885.0,765.0,6900.0,
50,15,SD_SF,mc,not_sequential,all,0.0,52128.294999999955,0.2092973947525024,0.3547273874282837,4.877224394384029e-06,0.00012886079341908763,0.3,0.6280604271271788,0.37193957287282203,0.5135901389569664,0.4864098610430336,6.6,369.0,0.17496849662896138,0.8250315033710389,27130.0,15.0,24816.0,
50,15,DD_SF,es,not_sequential,all,0.0,54583.706999999995,0.0106859683990478,5.8188636779785154,8.863644589278236e-05,0.6816687738496838,1075.8,0.6047834201242264,0.3952165798757738,0.5362157987112532,0.46378420128874664,6.0,358.1000000000001,0.22707507658081175,0.772924923419188,2346.0,765.0,1596.0,
50,15,SD_SF,sp,not_sequential,all,0.0,52128.295,0.1677552223205566,0.4781924247741699,6.9006156604039315e-06,0.00012886079341824583,0.3,0.6280604271271781,0.371939572872822,0.5135901389569664,0.4864098610430336,6.6,369.0,0.1749684966289613,0.8250315033710386,41565.0,15.0,13740.0,
50,15,SD_SF,tp,not_sequential,all,0.0,52128.295,0.16401805877685544,0.35554568767547606,1.602419731904633e-06,0.00012886079341821634,0.3,0.6280208408982771,0.3719791591017229,0.513622629761884,0.4863773702381161,6.6,369.0,0.1750702888935861,0.8249297111064136,41565.0,15.0,18750.0,
50,15,SD_SF,spc,not_sequential,all,0.0,52128.295,0.14268045425415038,0.42736504077911375,0.0,0.00012886079341822707,0.6,0.6280208408982771,0.3719791591017229,0.513622629761884,0.4863773702381161,6.6,369.0,0.17507028889358606,0.8249297111064138,34765.0,15.0,7500.0,
50,15,SD_SF,tpc,not_sequential,all,0.0,52128.295,0.14988589286804196,0.3365201950073242,2.9589003513477115e-06,0.00012886079341819438,0.3,0.6280208408982771,0.37197915910172286,0.513622629761884,0.4863773702381161,6.6,369.0,0.1750702888935861,0.8249297111064138,35445.0,15.0,12750.0,
50,15,DD_SF,owmr,not_sequential,all,0.0,54583.45100000002,0.00488321781158442,14.854896354675294,9.163781412275847e-05,0.9431548605211452,2679.3,0.6050796160850851,0.394920383914915,0.5359903068529284,0.46400969314707147,6.0,358.4000000000007,0.22761717962622807,0.7723828203737719,2346.0,765.0,1581.0,
50,15,SD_SF,ses,not_sequential,all,0.0,52128.295,0.09612112045288082,3.3247580766677856,0.0,0.07659076035720828,361.2,0.6280604271271781,0.37193957287282203,0.5135901389569664,0.4864098610430336,6.6,369.0,0.17496849662896125,0.825031503371038,6885.0,765.0,6900.0,
50,15,SD_DF,mc,not_sequential,all,0.0,50408.6149999999,0.0967195034027099,0.18634724617004392,0.0,1.98356620121721e-15,0.0,0.5926545447456324,0.40734545525436927,0.5063257347806053,0.4936742652193947,6.3,358.5,0.19835459626984303,0.8016454037301575,27130.0,15.0,24816.0,
50,15,SD_DF,sp,not_sequential,all,0.0,50408.615000000005,0.12038216590881345,0.3230889320373535,0.0,7.415610973873069e-17,0.0,0.5926250423128245,0.4073749576871754,0.5063494681731281,0.4936505318268719,6.3,358.6,0.19850510217046238,0.8014948978295378,41565.0,15.0,13740.0,
50,15,SD_DF,spc,not_sequential,all,0.0,50408.615,0.10427315235137935,0.3057626962661743,0.0,8.469534374730091e-17,0.0,0.5926131965761305,0.40738680342386935,0.506359381508977,0.49364061849102303,6.3,358.5,0.19842784731997848,0.8015721526800217,34765.0,15.0,7500.0,
50,15,SD_SF,es,not_sequential,all,0.0,52128.51299999999,0.008043098449706989,13.532475233078003,9.395810408198226e-05,0.6929008524749118,1545.2,0.6278300946963528,0.37216990530364746,0.5137709982711366,0.48622900172886335,6.6,368.99999999999983,0.17562411886023435,0.8243758811397648,2346.0,765.0,1596.0,
50,15,SD_DF,tp,not_sequential,all,0.0,50408.615000000005,0.11285758018493648,0.2366865873336792,0.0,1.1619829390891155e-16,0.0,0.5926250423128243,0.40737495768717513,0.5063494681731281,0.4936505318268719,6.3,358.6,0.19850510217046247,0.8014948978295383,41565.0,15.0,18750.0,
50,15,SD_DF,tpc,not_sequential,all,0.0,50408.615000000005,0.09240179061889646,0.1962668895721435,0.0,4.397556406747486e-17,0.0,0.5926250423128243,0.4073749576871754,0.5063494681731281,0.4936505318268719,6.3,358.6,0.19850510217046236,0.8014948978295378,35445.0,15.0,12750.0,
50,15,SD_DF,es,not_sequential,all,0.0,50408.61499999999,0.00890016555786127,3.0152337074279787,9.527300090969481e-05,0.6712643592640399,1302.3,0.5925954629344103,0.4074045370655893,0.5063740266033591,0.493625973396641,6.3,358.6,0.19860458415514645,0.8013954158448537,2346.0,765.0,1596.0,
50,15,SD_DF,ses,not_sequential,all,0.0,50408.615,0.09804913997650144,1.866085910797119,1.2551002586747059e-05,0.054142887686860985,99.3,0.5926250423128245,0.40737495768717513,0.5063494681731281,0.4936505318268719,6.3,358.6,0.1985051021704625,0.8014948978295383,6885.0,765.0,6900.0,
50,15,SD_SF,owmr,not_sequential,all,0.0,52128.35700000005,0.00496871471405025,21.126506781578065,7.769880434164978e-05,0.949309894095645,2988.3,0.6280282561137368,0.3719717438862632,0.5136144935839199,0.48638550641608014,6.6,369.1000000000007,0.17524168608973972,0.8247583139102602,2346.0,765.0,1581.0,
75,15,DD_DF,mc,not_sequential,all,0.0,69789.86699999997,0.21308593749999996,0.3602034091949463,0.0,5.065038090932241e-16,0.0,0.6170059105326828,0.3829940894673177,0.42961546229206365,0.5703845377079364,7.3,574.1,0.19892969584479614,0.8010703041552036,40680.0,15.0,37216.0,
50,15,SD_DF,owmr,not_sequential,all,0.0,50408.615000000034,0.00464737415313715,9.039424300193787,9.295805433847246e-05,0.9414719466361461,1460.8,0.5926131965761303,0.40738680342386946,0.5063593815089767,0.4936406184910232,6.3,358.6000000000005,0.19853381164834935,0.801466188351651,2346.0,765.0,1581.0,
75,15,DD_DF,sp,not_sequential,all,0.0,69789.867,0.19818675518035883,0.49328577518463135,0.0,1.2565704176785917e-16,0.0,0.6169294310387183,0.38307056896128167,0.42966756178046595,0.570332438219534,7.3,573.8,0.1986768831478438,0.8013231168521562,61940.0,15.0,20490.0,
75,15,DD_DF,tp,not_sequential,all,0.0,69789.867,0.2160206079483032,0.4099759101867676,0.0,6.429406666678119e-17,0.0,0.6170059105326826,0.3829940894673175,0.42961546229206365,0.5703845377079364,7.3,574.1,0.19892969584479617,0.8010703041552036,61940.0,15.0,28125.0,
75,15,DD_DF,spc,not_sequential,all,0.0,69789.867,0.16074969768524167,0.47726643085479736,0.0,8.231628256385106e-17,0.0,0.6170059105326826,0.3829940894673174,0.42961546229206365,0.5703845377079364,7.3,574.1,0.1989296958447962,0.801070304155204,52140.0,15.0,11250.0,
75,15,DD_DF,tpc,not_sequential,all,0.0,69789.867,0.17979288101196284,0.3521503686904907,0.0,1.467000317451486e-16,0.0,0.6170464815292395,0.38295351847076053,0.42958830035588536,0.5704116996441145,7.3,573.9,0.19871346583465113,0.8012865341653488,52820.0,15.0,19125.0,
75,15,DD_SF,mc,not_sequential,all,0.0,70656.8159999999,0.21823403835296626,0.3853402376174927,0.0,1.3992808021399053e-15,0.0,0.634605947137533,0.36539405286246807,0.4433274865824468,0.5566725134175532,7.3,571.4,0.18892158158445221,0.811078418415548,40680.0,15.0,37216.0,
75,15,DD_DF,ses,not_sequential,all,0.0,69789.86699999998,0.12918443679809566,3.89745090007782,5.328157021513746e-06,0.07362142593708179,217.9,0.6169703706016885,0.3830296293983117,0.42964057851327137,0.5703594214867286,7.3,573.9,0.1987395137848827,0.8012604862151169,10260.0,1140.0,10275.0,
75,15,DD_SF,sp,not_sequential,all,0.0,70656.81599999999,0.2026537179946899,0.516332459449768,0.0,1.6492046832760876e-16,0.0,0.6345529460411069,0.3654470539588928,0.44336308671219393,0.5566369132878062,7.3,571.4,0.18893704854585228,0.8110629514541481,61940.0,15.0,20490.0,
75,15,DD_DF,es,not_sequential,all,0.0,69790.29299999998,0.01680717468261713,12.128724002838135,9.161092583230458e-05,0.6965791810176698,1233.0,0.6168987395537792,0.3831012604462213,0.42968368343326124,0.5703163165667386,7.3,573.8000000000002,0.19903184109695257,0.8009681589030458,3496.0,1140.0,2371.0,
75,15,DD_SF,spc,not_sequential,all,0.0,70656.81599999999,0.17258932590484616,0.4709737300872803,0.0,4.03291189084556e-17,0.0,0.6345529460411069,0.3654470539588929,0.44336308671219393,0.5566369132878062,7.3,571.4,0.18893704854585225,0.8110629514541479,52140.0,15.0,11250.0,
75,15,DD_SF,tp,not_sequential,all,0.0,70656.81599999999,0.2185112714767456,0.4187112808227539,0.0,6.063938434525008e-17,0.0,0.6345529460411069,0.3654470539588931,0.44336308671219393,0.5566369132878062,7.3,571.4,0.1889370485458522,0.8110629514541474,61940.0,15.0,28125.0,
75,15,DD_SF,tpc,not_sequential,all,0.0,70656.81599999999,0.18456363677978513,0.3699354648590088,0.0,8.233530779511671e-17,0.0,0.6345529460411069,0.3654470539588929,0.44336308671219393,0.5566369132878062,7.3,571.4,0.1889370485458522,0.8110629514541479,52820.0,15.0,19125.0,
75,15,DD_SF,ses,not_sequential,all,0.0,70656.81599999999,0.13487620353698726,3.8910314559936525,1.5214844281821892e-06,0.07093279899805532,196.4,0.6345529460411069,0.3654470539588931,0.44336308671219393,0.5566369132878062,7.3,571.4,0.1889370485458522,0.8110629514541475,10260.0,1140.0,10275.0,
75,15,SD_SF,mc,not_sequential,all,0.0,69851.5869999999,0.24375610351562496,0.38561305999755857,0.0,1.5557899056128629e-15,0.0,0.6232265238760797,0.3767734761239218,0.4301033252740842,0.5698966747259159,7.2,569.5,0.19037541891973642,0.8096245810802631,40680.0,15.0,37216.0,
75,15,DD_SF,es,not_sequential,all,0.0,70656.81599999995,0.015433740615844672,13.486108708381654,8.858105983595155e-05,0.6973735990827625,1525.4,0.6345529460411075,0.36544705395889254,0.4433630867121939,0.5566369132878062,7.3,571.4000000000002,0.18893704854585197,0.811062951454147,3496.0,1140.0,2371.0,
75,15,SD_SF,sp,not_sequential,all,0.0,69851.58699999998,0.1970630645751953,0.5076923131942749,0.0,9.400062851929033e-17,0.0,0.6230726380644638,0.3769273619355362,0.43021054966540745,0.5697894503345926,7.2,569.3,0.19079279369491886,0.8092072063050809,61940.0,15.0,20490.0,
75,15,DD_SF,owmr,not_sequential,all,0.0,70656.81600000008,0.007583212852477988,22.303716492652892,9.74136608357206e-05,0.9552367193623035,1616.3,0.6345406869458271,0.36545931305417273,0.44337564415715464,0.5566243558428454,7.3,571.3000000000009,0.1885774993199013,0.8114225006800989,3496.0,1140.0,2356.0,
75,15,DD_DF,owmr,not_sequential,all,0.0,69790.03300000013,0.006974506378173791,37.572262573242185,8.652545622778009e-05,0.9560133594311864,2054.6,0.6168425144731368,0.38315748552686346,0.4297243096498772,0.5702756903501229,7.3,573.7999999999969,0.19858033433941333,0.8014196656605865,3496.0,1140.0,2356.0,
75,15,SD_SF,spc,not_sequential,all,0.0,69851.58699999998,0.17098777294158934,0.4811485052108765,0.0,4.123897467460738e-17,0.0,0.623154573000298,0.37684542699970214,0.43015696307915985,0.56984303692084,7.2,569.5,0.19068415475246994,0.8093158452475299,52140.0,15.0,11250.0,
75,15,SD_SF,tp,not_sequential,all,0.0,69851.58699999998,0.22579138278961178,0.4331395149230957,0.0,1.0522078894565949e-16,0.0,0.6231994828977442,0.3768005171022559,0.4301239834702125,0.5698760165297874,7.2,569.6,0.19068101995324124,0.8093189800467588,61940.0,15.0,28125.0,
75,15,SD_SF,tpc,not_sequential,all,0.0,69851.58699999998,0.19687781333923335,0.393193793296814,0.0,6.199846887591924e-17,0.0,0.6231518834183934,0.3768481165816066,0.43015894987637643,0.5698410501236235,7.2,569.5,0.19076393134719316,0.8092360686528066,52820.0,15.0,19125.0,
75,15,SD_SF,ses,not_sequential,all,0.0,69851.587,0.12883408069610594,3.998806095123291,1.2079046376729741e-05,0.07361830002983813,244.1,0.6231457585331412,0.3768542414668589,0.43016002746397614,0.5698399725360239,7.2,569.5,0.19079704500829375,0.8092029549917056,10260.0,1140.0,10275.0,
75,15,SD_DF,mc,not_sequential,all,0.0,70611.82599999988,0.2257769107818603,0.3713523387908936,0.0,1.6618333818366199e-15,0.0,0.6124909472187394,0.3875090527812622,0.4277882396966047,0.5722117603033954,7.1,567.9,0.19904100492438428,0.800958995075616,40680.0,15.0,37216.0,
75,15,SD_SF,es,not_sequential,all,0.0,69851.58699999997,0.01641807556152338,12.700130128860474,9.389489408505409e-05,0.6966013009098468,1382.5,0.6231200918371484,0.37687990816285166,0.43017716696097014,0.5698228330390298,7.2,569.5000000000003,0.19107151453091004,0.8089284854690894,3496.0,1140.0,2371.0,
75,15,SD_DF,sp,not_sequential,all,0.0,70611.826,0.20292184352874756,0.5048119306564331,0.0,1.0302430659337961e-16,0.0,0.6124909472187384,0.3875090527812617,0.4277882396966047,0.5722117603033954,7.1,567.9,0.19904100492438417,0.8009589950756159,61940.0,15.0,20490.0,
75,15,SD_DF,spc,not_sequential,all,0.0,70611.826,0.17352247238159174,0.49154770374298096,0.0,1.2578736713718746e-16,0.0,0.6124660137633604,0.3875339862366397,0.4278057094579122,0.5721942905420878,7.1,567.8,0.19889604074811412,0.8011039592518857,52140.0,15.0,11250.0,
75,15,SD_DF,tpc,not_sequential,all,0.0,70611.826,0.19228453636169432,0.37922418117523193,0.0,6.254857768949913e-17,0.0,0.6124413313752297,0.3875586686247703,0.42782297282975923,0.5721770271702408,7.1,567.6,0.1986896853932965,0.8013103146067035,52820.0,15.0,19125.0,
75,15,SD_DF,tp,not_sequential,all,0.0,70611.826,0.22695577144622797,0.4293833255767822,0.0,8.180582594988056e-17,0.0,0.6124413313752297,0.3875586686247705,0.42782297282975923,0.5721770271702408,7.1,567.6,0.1986896853932964,0.8013103146067035,61940.0,15.0,28125.0,
75,15,SD_DF,ses,not_sequential,all,0.0,70611.826,0.12976429462432856,4.292232775688172,0.0,0.07228694821388171,245.5,0.6124909472187384,0.3875090527812618,0.4277882396966047,0.5722117603033954,7.1,567.9,0.19904100492438415,0.8009589950756155,10260.0,1140.0,10275.0,
75,15,SD_SF,owmr,not_sequential,all,0.0,69851.74100000014,0.00675745010375973,26.81242401599884,8.655147405180837e-05,0.9565024711072507,1917.2,0.6231497074251378,0.37685029257486236,0.4301543903970222,0.5698456096029779,7.2,569.500000000003,0.19111968382903138,0.8088803161709684,3496.0,1140.0,2356.0,
100,15,DD_DF,mc,not_sequential,all,0.0,85828.66699999986,0.35494561195373536,0.6649089336395264,0.0,0.000102256495377244,0.3,0.6403186205706922,0.3596813794293093,0.3767752006385008,0.6232247993614991,8.0,787.4,0.16277425694058728,0.8372257430594132,54230.0,15.0,49616.0,
100,15,DD_DF,sp,not_sequential,all,0.0,85828.66699999999,0.27106056213378904,0.8321968078613281,0.0,0.00010225649537561239,0.3,0.6402955154822576,0.35970448451774245,0.37678939712847775,0.6232106028715223,8.0,787.4,0.16283029482375097,0.8371697051762492,82315.0,15.0,27240.0,
75,15,SD_DF,es,not_sequential,all,0.0,70611.93599999996,0.016726732254028272,17.011744213104247,9.108147252066801e-05,0.6906436798016405,1427.1,0.6124821034289841,0.3875178965710161,0.4277932629784217,0.5722067370215783,7.1,567.7000000000002,0.19858232365030992,0.8014176763496892,3496.0,1140.0,2371.0,
100,15,DD_DF,spc,not_sequential,all,0.0,85828.667,0.22011265754699702,0.6966771125793457,0.0,0.00010225649537554936,0.3,0.6402955154822576,0.35970448451774245,0.37678939712847775,0.6232106028715223,8.0,787.4,0.16283029482375097,0.8371697051762492,69515.0,15.0,15000.0,
75,15,SD_DF,owmr,not_sequential,all,0.0,70612.26600000005,0.00823440551757809,25.6577232837677,7.706175019550622e-05,0.9556083470688004,1714.5,0.612764706058078,0.387235293941922,0.4275880703883443,0.5724119296116555,7.099999999999956,567.8000000000006,0.19832353747406545,0.8016764625259347,3496.0,1140.0,2356.0,
100,15,DD_DF,tpc,not_sequential,all,0.0,85828.66699999999,0.2823000907897949,0.611304497718811,0.0,0.00010225649537556338,0.3,0.6402528644759664,0.35974713552403365,0.3768166750468395,0.6231833249531605,8.0,787.4,0.16288571448632652,0.837114285513674,70195.0,15.0,25500.0,
100,15,DD_DF,tp,not_sequential,all,0.0,85828.66699999999,0.32346889972686765,0.6757787227630615,0.0,0.00010225649537558368,0.3,0.6402297593875328,0.3597702406124672,0.3768308715368165,0.6231691284631835,8.0,787.4,0.16294175236949027,0.83705824763051,82315.0,15.0,37500.0,
100,15,DD_SF,mc,not_sequential,all,0.0,87599.60599999993,0.7198850154876709,1.1291166305541993,0.0,0.00022333993289809693,0.8,0.6397763991969795,0.360223600803021,0.3916712000264321,0.6083287999735679,7.7,777.5,0.16608956515295914,0.8339104348470411,54230.0,15.0,49616.0,
100,15,DD_DF,ses,not_sequential,all,0.0,85828.66699999999,0.17697420120239254,6.628797769546509,2.2160150993287326e-05,0.0834631483029276,321.3,0.6403186205706912,0.35968137942930867,0.3767752006385008,0.6232247993614991,8.0,787.4,0.1627742569405873,0.8372257430594136,13635.0,1515.0,13650.0,
100,15,DD_SF,sp,not_sequential,all,0.0,87599.606,0.36630520820617674,1.019917607307434,0.0,0.00022333993289753488,0.7,0.6397939372905953,0.3602060627094046,0.39166108257102855,0.6083389174289715,7.7,777.6,0.16619594032621243,0.8338040596737877,82315.0,15.0,27240.0,
100,15,DD_SF,spc,not_sequential,all,0.0,87599.606,0.2803194999694824,0.835370397567749,0.0,0.00022333993289749688,0.6,0.6398317217782684,0.3601682782217316,0.39164011575327323,0.6083598842467268,7.7,777.7,0.16634613079180108,0.833653869208199,69515.0,15.0,15000.0,
100,15,DD_SF,tp,not_sequential,all,0.0,87599.606,0.4946392297744751,0.9125649690628052,0.0,0.0002233399328975213,0.8,0.6398895083028362,0.360110491697164,0.3916042092356279,0.6083957907643721,7.7,777.8,0.16637317596447265,0.833626824035527,82315.0,15.0,37500.0,
100,15,DD_SF,tpc,not_sequential,all,0.0,87599.606,0.448209285736084,0.8325857639312744,0.0,0.00022333993289752708,0.8,0.6398317217782685,0.3601682782217316,0.39164011575327323,0.6083598842467268,7.7,777.7,0.16634613079180102,0.8336538692081991,70195.0,15.0,25500.0,
100,15,DD_DF,es,not_sequential,all,0.0,85828.77999999996,0.02398447990417476,45.01460771560669,7.173201332652428e-05,0.7075221657119691,1648.1,0.6402491694185037,0.35975083058149604,0.376819441830658,0.6231805581693418,8.0,787.3000000000004,0.16276229750586507,0.8372377024941349,4646.0,1515.0,3146.0,
100,15,DD_DF,owmr,not_sequential,all,0.0,85829.21500000005,0.009087038040161071,47.97478380203247,9.03372819342775e-05,0.965724292998703,2083.3,0.6403111847881057,0.3596888152118942,0.3767794485614652,0.6232205514385348,8.0,787.3999999999999,0.16287861475283555,0.8371213852471648,4646.0,1515.0,3131.0,
100,15,SD_SF,mc,not_sequential,all,0.0,90314.88799999989,0.783546781539917,1.389394497871399,0.0,0.0003722733733577788,1.1,0.6391797911703908,0.3608202088296101,0.426574406256619,0.573425593743381,7.6,765.7,0.13010603023980635,0.8698939697601938,54230.0,15.0,49616.0,
100,15,DD_SF,ses,not_sequential,all,0.0,87599.606,0.17779338359832758,9.892177486419678,1.4805401717076746e-05,0.09640206427305856,772.0,0.6398895083028362,0.360110491697164,0.3916042092356279,0.6083957907643721,7.7,777.8,0.16637317596447265,0.8336268240355272,13635.0,1515.0,13650.0,
100,15,SD_SF,sp,not_sequential,all,0.0,90314.888,0.4947887659072876,1.3878968000411986,0.0,0.0003722733733565387,1.1,0.6391348583359909,0.36086514166400907,0.4266061908299412,0.5733938091700587,7.6,765.7,0.13020847972805288,0.8697915202719472,82315.0,15.0,27240.0,
100,15,SD_SF,spc,not_sequential,all,0.0,90314.88799999999,0.3648975133895874,1.162862777709961,0.0,0.0003722733733564629,1.1,0.6391518863194384,0.3608481136805617,0.42659558761511696,0.573404412384883,7.6,765.8,0.13026432037368155,0.8697356796263185,69515.0,15.0,15000.0,
100,15,SD_SF,tp,not_sequential,all,0.0,90314.888,0.5530118227005005,1.1895872831344605,0.0,0.0003722733733566528,1.1,0.6391316434820999,0.3608683565179,0.426609701473142,0.573390298526858,7.6,765.7,0.12998997450392888,0.8700100254960708,82315.0,15.0,37500.0,
100,15,SD_SF,tpc,not_sequential,all,0.0,90314.88799999999,0.526494026184082,1.1382482767105102,0.0,0.0003722733733566222,1.1,0.6391316434820999,0.3608683565179,0.426609701473142,0.573390298526858,7.6,765.7,0.1299899745039289,0.870010025496071,70195.0,15.0,25500.0,
100,15,DD_SF,owmr,not_sequential,all,0.0,87599.64700000013,0.009237599372863708,81.08955538272858,8.957343388605728e-05,0.9664413668210932,4603.3,0.6397194413279524,0.36028055867204756,0.39170238133641266,0.6082976186635872,7.7,777.6000000000013,0.1662691485439616,0.8337308514560384,4646.0,1515.0,3131.0,
100,15,SD_SF,ses,not_sequential,all,0.0,90314.888,0.2105652809143066,9.687425971031189,0.0,0.09367080865982537,615.3,0.6391666604122238,0.3608333395877762,0.426583710670398,0.573416289329602,7.6,765.8,0.1302393768372232,0.8697606231627766,13635.0,1515.0,13650.0,
100,15,SD_DF,mc,not_sequential,all,0.0,86899.47099999984,0.33155438899993894,0.5838701486587524,1.2351320282136674e-06,1.646470115806743e-05,0.0,0.6210331604458974,0.37896683955410415,0.38665471228776094,0.6133452877122392,7.6,772.1,0.13883462983084524,0.8611653701691548,54230.0,15.0,49616.0,
100,15,DD_SF,es,not_sequential,all,0.0,87599.82099999997,0.02432816028594967,100.67949593067169,7.480561564352193e-05,0.7134252961742481,1966.9,0.6397411084979381,0.36025889150206186,0.39170563070390796,0.608294369296092,7.7,777.7,0.16645210612239447,0.8335478938776044,4646.0,1515.0,3146.0,
100,15,SD_DF,sp,not_sequential,all,0.0,86899.471,0.301839280128479,0.7528520107269288,8.053507931449768e-06,1.6464701156277692e-05,0.0,0.6208977763043515,0.3791022236956483,0.386738414849702,0.613261585150298,7.6,772.0,0.13909263531708813,0.8609073646829121,82315.0,15.0,27240.0,
100,15,SD_DF,spc,not_sequential,all,0.0,86899.471,0.26280009746551514,0.6946725845336914,0.0,1.646470115626367e-05,0.3,0.6207152695550613,0.3792847304449386,0.38685344124692933,0.6131465587530707,7.6,772.0,0.13952253912319462,0.8604774608768052,69515.0,15.0,15000.0,
100,15,SD_DF,tp,not_sequential,all,0.0,86899.471,0.31011879444122314,0.6248198032379151,6.74013224522628e-06,1.6464701156282808e-05,0.0,0.6208665235755949,0.37913347642440476,0.38676141396257224,0.6132385860374276,7.6,772.1,0.13922803846108328,0.860771961538917,82315.0,15.0,37500.0,
100,15,SD_DF,tpc,not_sequential,all,0.0,86899.47099999999,0.27395048141479494,0.5360041856765747,7.033545962348336e-06,1.6464701156227114e-05,0.0,0.6208376413328309,0.37916235866716885,0.3867794757734631,0.6132205242265368,7.6,772.1,0.1392978772265673,0.8607021227734325,70195.0,15.0,25500.0,
100,15,SD_SF,owmr,not_sequential,all,0.0,90314.95800000023,0.00979309082031245,83.1270956993103,9.64951257989761e-05,0.9633570560832394,7320.5,0.6391729344347603,0.3608270655652398,0.4265821647878618,0.573417835212138,7.6,765.8,0.13022288016016365,0.8697771198398364,4646.0,1515.0,3131.0,
100,15,SD_DF,ses,not_sequential,all,0.0,86899.47099999999,0.19257581233978266,6.275460839271545,0.0,0.07957874344776776,255.3,0.6208413370758544,0.37915866292414524,0.3867744410188557,0.6132255589811442,7.6,772.0,0.1392193309117402,0.8607806690882602,13635.0,1515.0,13650.0,
50,20,DD_DF,mc,not_sequential,all,0.0,69612.0669999999,0.24823718070983886,0.44290690422058104,0.0,1.6258450331960134e-15,0.0,0.6001652700116352,0.39983472998836633,0.5073952551189247,0.4926047448810751,8.3,485.4,0.23895348657237353,0.7610465134276262,46140.0,20.0,43071.0,
100,15,SD_SF,es,not_sequential,all,0.0,90315.62299999995,0.01918902397155759,98.21973617076874,9.071453589249063e-05,0.711207817933556,1956.8,0.6390839421490686,0.3609160578509316,0.4266297307253161,0.5733702692746838,7.6,765.6,0.1300251431243334,0.8699748568756656,4646.0,1515.0,3146.0,
50,20,DD_DF,sp,not_sequential,all,0.0,69612.067,0.3236364841461182,0.8386430263519287,0.0,1.0328684339285696e-16,0.0,0.6000745658231884,0.39992543417681164,0.5074700189804778,0.492529981019522,8.3,485.4,0.23912191097917246,0.7608780890208277,90270.0,20.0,23420.0,
50,20,DD_DF,spc,not_sequential,all,0.0,69612.067,0.25536417961120605,0.795740294456482,0.0,1.0479018326266094e-16,0.0,0.6001652700116343,0.39983472998836583,0.5073952551189247,0.4926047448810751,8.3,485.4,0.23895348657237353,0.7610465134276265,78020.0,20.0,12500.0,
100,15,SD_DF,owmr,not_sequential,all,0.0,86900.09300000017,0.008772373199462849,46.37251517772675,8.936103738333825e-05,0.9640163517010828,1931.3,0.6208500870914441,0.3791499129085557,0.3867682988857408,0.6132317011142593,7.6,771.8999999999984,0.13885614447572225,0.8611438555242776,4646.0,1515.0,3131.0,
50,20,DD_DF,tp,not_sequential,all,0.0,69612.067,0.27141220569610597,0.5533832788467408,0.0,1.4712386778227904e-16,0.0,0.6000745658231884,0.3999254341768118,0.5074700189804778,0.492529981019522,8.3,485.4,0.23912191097917238,0.7608780890208273,90270.0,20.0,32500.0,
50,20,DD_DF,tpc,not_sequential,all,0.0,69612.067,0.22365937232971192,0.4842565059661865,0.0,1.8715032557334449e-16,0.0,0.6001652700116342,0.3998347299883657,0.5073952551189247,0.4926047448810751,8.3,485.4,0.23895348657237356,0.7610465134276267,79560.0,20.0,22000.0,
50,20,DD_DF,es,not_sequential,all,0.0,69612.21199999998,0.013910579681396421,6.732498288154602,8.49511680913996e-05,0.7344437579529349,1029.1,0.6001224815915657,0.39987751840843444,0.5074291183700179,0.4925708816299821,8.3,485.4,0.23913596499459172,0.7608640350054076,3111.0,1020.0,2111.0,
100,15,SD_DF,es,not_sequential,all,0.0,86899.81499999992,0.01932790279388421,50.79387571811676,8.973369276564567e-05,0.7064728152128223,1743.9,0.6207956006009397,0.37920439939905987,0.3868000547013154,0.6131999452986845,7.6,772.1000000000005,0.1394857023361879,0.8605142976638115,4646.0,1515.0,3146.0,
50,20,DD_DF,ses,not_sequential,all,0.0,69612.067,0.1638863086700439,5.218499255180359,1.389291995469743e-05,0.05692325826417375,342.3,0.6001652700116342,0.399834729988366,0.5073952551189247,0.4926047448810751,8.3,485.4,0.23895348657237347,0.7610465134276264,11730.0,1020.0,11750.0,
50,20,DD_SF,mc,not_sequential,all,0.0,69255.1109999999,0.2128790140151977,0.4091101408004761,0.0,1.432204711459328e-15,0.0,0.5982179771224395,0.4017820228775618,0.49653930918169686,0.5034606908183032,8.3,486.8,0.24115535238881777,0.7588446476111821,46140.0,20.0,43071.0,
50,20,DD_SF,sp,not_sequential,all,0.0,69255.11099999999,0.313109827041626,0.8204380512237549,0.0,1.6794878629083417e-16,0.0,0.5982628389748506,0.4017371610251496,0.4965042695734222,0.5034957304265778,8.3,486.9,0.24138636685814546,0.7586136331418543,90270.0,20.0,23420.0,
50,20,DD_SF,tp,not_sequential,all,0.0,69255.111,0.2671899080276489,0.5252972364425659,0.0,6.366130847551365e-17,0.0,0.5982749213293872,0.40172507867061275,0.49649432208950045,0.5035056779104996,8.3,487.0,0.24143782044843629,0.7585621795515636,90270.0,20.0,32500.0,
50,20,DD_SF,spc,not_sequential,all,0.0,69255.11099999999,0.261032247543335,0.7436433792114258,0.0,6.198151092319737e-17,0.0,0.5982749213293873,0.40172507867061286,0.49649432208950045,0.5035056779104996,8.3,487.0,0.24143782044843634,0.7585621795515635,78020.0,20.0,12500.0,
50,20,DD_SF,tpc,not_sequential,all,0.0,69255.11099999999,0.22512674331665034,0.48637092113494873,0.0,1.4744025024910937e-16,0.0,0.5982628389748506,0.40173716102514956,0.4965042695734222,0.5034957304265778,8.3,486.9,0.24138636685814552,0.7586136331418545,79560.0,20.0,22000.0,
50,20,DD_SF,ses,not_sequential,all,0.0,69255.11099999999,0.16338446140289303,5.069877123832702,1.1136453058834282e-05,0.057299785082220646,312.4,0.5982300594769756,0.40176994052302445,0.49652936169777506,0.5034706383022249,8.3,486.9,0.24120680597910865,0.7587931940208913,11730.0,1020.0,11750.0,
50,20,DD_SF,es,not_sequential,all,0.0,69255.14299999998,0.01414401531219476,12.338664293289185,8.678533507698087e-05,0.7256240231540119,1527.8,0.5981938261349962,0.401806173865004,0.4965599707770224,0.5034400292229776,8.3,486.7,0.24104104060105822,0.7589589593989411,3111.0,1020.0,2111.0,
50,20,SD_SF,mc,not_sequential,all,0.0,69002.72699999994,0.2604860782623291,0.4118104219436646,0.0,7.410020180477428e-16,0.0,0.611866954601776,0.3881330453982245,0.5085488289656077,0.4914511710343922,8.6,486.3,0.21938874601985975,0.7806112539801402,46140.0,20.0,43071.0,
50,20,SD_SF,sp,not_sequential,all,0.0,69002.72699999998,0.3082193613052368,0.8246553659439086,0.0,1.6725514184608287e-16,0.0,0.6119142566412622,0.38808574335873774,0.508511456403246,0.49148854359675404,8.6,486.4,0.2195751940977627,0.7804248059022374,90270.0,20.0,23420.0,
50,20,SD_SF,spc,not_sequential,all,0.0,69002.72699999998,0.2747123003005981,0.7739603042602539,0.0,1.2845239255977922e-16,0.0,0.6119142566412622,0.3880857433587378,0.508511456403246,0.49148854359675404,8.6,486.4,0.21957519409776274,0.7804248059022374,78020.0,20.0,12500.0,
50,20,SD_SF,tp,not_sequential,all,0.0,69002.72699999998,0.2869864463806152,0.5425159215927124,0.0,1.1534868725416625e-16,0.0,0.6119142566412622,0.3880857433587379,0.508511456403246,0.49148854359675404,8.6,486.4,0.21957519409776266,0.7804248059022371,90270.0,20.0,32500.0,
50,20,SD_SF,tpc,not_sequential,all,0.0,69002.727,0.23282308578491206,0.4909188270568848,0.0,1.0601255336679854e-16,0.0,0.6118838788939744,0.38811612110602534,0.50854037830219,0.49145962169781,8.6,486.3,0.2194814493196977,0.7805185506803023,79560.0,20.0,22000.0,
50,20,SD_SF,es,not_sequential,all,0.0,69003.39799999997,0.015029025077819771,20.112521004676818,9.364956213840425e-05,0.7334125121321355,1263.9,0.6118971880350994,0.3881028119649005,0.5085293389623133,0.4914706610376867,8.6,486.3,0.2194098859330238,0.7805901140669758,3111.0,1020.0,2111.0,
50,20,DD_DF,owmr,not_sequential,all,0.0,69612.25700000007,0.006809926033019981,76.01473906040192,8.922378916660673e-05,0.9557732716222096,3722.9,0.60004416572512,0.39995583427487996,0.5074938018753666,0.49250619812463337,8.3,485.20000000000056,0.23865030734444898,0.761349692655551,3111.0,1020.0,2091.0,
50,20,SD_SF,ses,not_sequential,all,0.0,69002.72699999998,0.16467607021331782,5.259036755561828,3.342325830502883e-05,0.05779278884169502,394.9,0.6119142566412622,0.3880857433587378,0.508511456403246,0.49148854359675404,8.6,486.4,0.2195751940977627,0.7804248059022376,11730.0,1020.0,11750.0,
50,20,SD_DF,mc,not_sequential,all,0.0,70273.36799999987,0.23710942268371582,0.45454509258270265,0.0,4.3575976040737174e-05,0.3,0.5921521838648358,0.40784781613516563,0.5002793817648061,0.4997206182351939,8.2,484.6,0.24332214133377397,0.7566778586662265,46140.0,20.0,43071.0,
50,20,SD_DF,sp,not_sequential,all,0.0,70273.36799999999,0.32264983654022217,0.924762773513794,0.0,4.35759760390003e-05,0.3,0.5921521838648349,0.4078478161351652,0.5002793817648061,0.4997206182351939,8.2,484.6,0.24332214133377383,0.7566778586662262,90270.0,20.0,23420.0,
50,20,SD_DF,spc,not_sequential,all,0.0,70273.36799999999,0.2664893627166748,0.8811589479446411,0.0,4.357597603902361e-05,0.3,0.5921521838648347,0.40784781613516524,0.5002793817648061,0.4997206182351939,8.2,484.6,0.24332214133377383,0.7566778586662262,78020.0,20.0,12500.0,
50,20,SD_DF,tp,not_sequential,all,0.0,70273.36799999999,0.28416411876678466,0.6215842962265015,0.0,4.35759760390237e-05,0.3,0.5921863651260693,0.40781363487393063,0.5002499299143552,0.4997500700856448,8.2,484.7,0.24345420187488226,0.7565457981251176,90270.0,20.0,32500.0,
50,20,SD_DF,tpc,not_sequential,all,0.0,70273.36799999999,0.23302822113037108,0.5439565181732178,0.0,4.357597603906503e-05,0.3,0.5921863651260693,0.40781363487393063,0.5002499299143552,0.4997500700856448,8.2,484.7,0.24345420187488226,0.7565457981251178,79560.0,20.0,22000.0,
50,20,DD_SF,owmr,not_sequential,all,0.0,69255.285,0.00563781261444085,89.25214080810547,8.258620408076647e-05,0.9563690889719363,3105.2,0.5981465400360579,0.40185345996394223,0.4966016006420066,0.5033983993579936,8.3,486.70000000000266,0.24073573577301444,0.7592642642269853,3111.0,1020.0,2091.0,
50,20,SD_DF,ses,not_sequential,all,0.0,70273.36799999999,0.1626785278320312,5.810661387443543,2.273013324659461e-05,0.06084735686703233,503.5,0.5921863651260693,0.4078136348739306,0.5002499299143552,0.4997500700856448,8.2,484.7,0.24345420187488243,0.7565457981251182,11730.0,1020.0,11750.0,
50,20,SD_DF,es,not_sequential,all,0.0,70273.60299999997,0.01434307098388668,23.460897564888,8.858791440731134e-05,0.7305239494694235,1804.2,0.5922579104841319,0.4077420895158682,0.5001932757871032,0.49980672421289685,8.2,484.6,0.2432058038917365,0.7567941961082634,3111.0,1020.0,2111.0,
75,20,DD_DF,mc,not_sequential,all,0.0,93122.85999999978,0.4827094078063965,0.8733164310455322,0.0,7.19093946542264e-05,0.3,0.6204251707774945,0.3795748292225079,0.42732260204300515,0.5726773979569948,9.7,770.6,0.20688605447847572,0.793113945521524,69190.0,20.0,64596.0,
75,20,DD_DF,sp,not_sequential,all,0.0,93122.86,0.48506381511688235,1.519149398803711,9.342674608283875e-07,7.162625706790462e-05,0.3,0.620412901194681,0.37958709880531893,0.4273307957820843,0.5726692042179157,9.7,770.6,0.2069624545709615,0.7930375454290383,134520.0,20.0,34920.0,
75,20,DD_DF,spc,not_sequential,all,0.0,93122.86,0.39831998348236086,1.2866124153137206,2.8500406248695206e-06,7.162625706796058e-05,0.3,0.6203779482970383,0.3796220517029619,0.4273554793704898,0.5726445206295102,9.7,770.4,0.2068380400741927,0.7931619599258073,117020.0,20.0,18750.0,
75,20,DD_DF,tp,not_sequential,all,0.0,93122.86,0.4908304691314697,1.107592558860779,0.0,7.19093946518036e-05,0.3,0.6204129011946813,0.37958709880531893,0.4273307957820843,0.5726692042179157,9.7,770.6,0.20696245457096157,0.7930375454290388,134520.0,20.0,48750.0,
75,20,DD_DF,tpc,not_sequential,all,0.0,93122.86000000002,0.3796555519104004,0.9601053953170776,0.0,7.190939465182903e-05,0.3,0.6204000029922582,0.3795999970077419,0.42734052252376314,0.5726594774762368,9.7,770.5,0.20680995623609374,0.7931900437639062,118560.0,20.0,33000.0,
50,20,SD_SF,owmr,not_sequential,all,0.0,69002.8450000001,0.00608737468719478,99.71685750484467,9.31129246493462e-05,0.9561133814943726,3192.6,0.6119784316404815,0.3880215683595184,0.5084588586243226,0.49154114137567745,8.6,486.3000000000009,0.21908962189508863,0.7809103781049113,3111.0,1020.0,2091.0,
75,20,DD_DF,ses,not_sequential,all,0.0,93122.86,0.2936248302459717,13.471903824806214,5.2671512252206035e-06,0.07529000211705895,927.9,0.6204000029922582,0.37959999700774205,0.42734052252376314,0.5726594774762368,9.7,770.5,0.2068099562360936,0.793190043763906,17480.0,1520.0,17500.0,
75,20,DD_SF,mc,not_sequential,all,0.0,93090.87099999955,0.5239825487136841,1.0083229541778564,9.465177003637375e-06,4.6100363502324746e-05,0.3,0.6358691772192068,0.3641308227807981,0.44150964464850617,0.5584903553514938,9.9,768.0,0.1870148174579349,0.812985182542065,69190.0,20.0,64596.0,
75,20,DD_SF,sp,not_sequential,all,0.0,93090.161,0.5675684452056885,1.5085795879364015,1.876525546077968e-06,3.843463748925381e-05,0.0,0.6334508633659374,0.3665491366340626,0.44106789601182605,0.558932103988174,9.9,767.1,0.18938387049340227,0.8106161295065977,134520.0,20.0,34920.0,
75,20,DD_SF,spc,not_sequential,all,0.0,93090.161,0.44996488094329834,1.398904848098755,0.0,3.843463748924393e-05,0.6,0.633290897960275,0.36670910203972495,0.44118091720095975,0.5588190827990402,9.9,766.9,0.18942392264906743,0.8105760773509326,117020.0,20.0,18750.0,
75,20,DD_SF,tp,not_sequential,all,0.0,93090.161,0.5429126977920532,1.1522448301315307,0.0,3.843463748917062e-05,0.3,0.6333660088905888,0.3666339911094113,0.4411279843434415,0.5588720156565584,9.9,766.9,0.18927937477666643,0.8107206252233337,134520.0,20.0,48750.0,
75,20,DD_SF,tpc,not_sequential,all,0.0,93090.161,0.4532250165939331,0.9307623624801635,0.0,3.8434637489270104e-05,0.0,0.6333195703487591,0.3666804296512409,0.4411609939581818,0.5588390060418181,9.9,766.9,0.18942568017861033,0.8105743198213897,118560.0,20.0,33000.0,
50,20,SD_DF,owmr,not_sequential,all,0.0,70273.38200000007,0.006053018569946231,133.68457825183867,7.903653487146469e-05,0.9558695214560607,3956.8,0.5921930465464597,0.40780695345354057,0.5002442751259811,0.4997557248740187,8.2,484.7000000000071,0.243380583830404,0.756619416169596,3111.0,1020.0,2091.0,
75,20,DD_DF,es,not_sequential,all,0.0,93123.19399999997,0.02660787105560299,117.79065635204316,8.286956426685515e-05,0.7537389898503556,2421.9,0.620301566488602,0.3796984335113983,0.4274038788437126,0.5725961211562873,9.7,770.4,0.20679886884787407,0.7932011311521246,4636.0,1520.0,3136.0,
75,20,DD_SF,ses,not_sequential,all,0.0,93090.161,0.29447710514068604,13.655098938941956,3.0323177200950227e-05,0.07858637055230994,962.2,0.6333207605162022,0.36667923948379777,0.4411601059199682,0.5588398940800319,9.9,767.0,0.18957323693418893,0.8104267630658111,17480.0,1520.0,17500.0,
75,20,SD_SF,mc,not_sequential,all,0.0,93416.53099999987,0.5621737718582154,1.0531079530715943,0.0,0.00013195089553775556,0.6,0.6314114560256484,0.3685885439743529,0.4267839657340051,0.5732160342659948,9.7,766.3,0.1932043566110531,0.8067956433889469,69190.0,20.0,64596.0,
75,20,SD_SF,sp,not_sequential,all,0.0,93416.53099999999,0.551907730102539,1.903283953666687,0.0,0.0001255467340720787,0.6,0.6313933810450995,0.36860661895490054,0.4267963126984262,0.5732036873015738,9.7,766.2,0.19319511183946914,0.8068048881605309,134520.0,20.0,34920.0,
75,20,SD_SF,spc,not_sequential,all,0.0,93416.53099999999,0.4447523832321167,1.5034523963928224,0.0,0.00012554673407205489,0.6,0.63134235787172,0.36865764212828006,0.42682415014304853,0.5731758498569514,9.7,766.2,0.19317367427646737,0.8068263257235326,117020.0,20.0,18750.0,
75,20,SD_SF,tp,not_sequential,all,0.0,93416.53099999999,0.5803361415863038,1.3180269002914429,0.0,0.00013195089553752004,0.9,0.6313933810450995,0.3686066189549006,0.4267963126984262,0.5732036873015738,9.7,766.2,0.1931951118394691,0.8068048881605308,134520.0,20.0,48750.0,
75,20,SD_SF,tpc,not_sequential,all,0.0,93416.53099999999,0.48592116832733157,1.1926587581634522,0.0,0.00013195089553742672,0.6,0.6314114560256476,0.36858854397435226,0.4267839657340051,0.5732160342659948,9.7,766.3,0.19320435661105312,0.8067956433889469,118560.0,20.0,33000.0,
75,20,DD_DF,owmr,not_sequential,all,0.0,93123.1280000001,0.008659934997558528,198.34920165538787,9.115048995373067e-05,0.9670688407902268,3495.9,0.6201374194945525,0.37986258050544763,0.427510923466789,0.5724890765332109,9.7,770.4000000000058,0.2069339253665714,0.7930660746334283,4636.0,1520.0,3116.0,
75,20,DD_SF,es,not_sequential,all,0.0,93090.82199999996,0.025721216201782186,156.02843520641326,7.380183119737081e-05,0.7474505447027967,2669.9,0.6334510756827737,0.3665489243172263,0.4410644174115763,0.5589355825884235,9.9,767.0000000000001,0.1892386218741205,0.8107613781258791,4636.0,1520.0,3136.0,
75,20,SD_SF,ses,not_sequential,all,0.0,93416.53099999999,0.306675124168396,19.350391721725465,2.6892138272264782e-05,0.08104734099824756,1481.0,0.6313242828911718,0.3686757171088283,0.4268364971074696,0.5731635028925304,9.7,766.1,0.19316442950488333,0.8068355704951162,17480.0,1520.0,17500.0,
75,20,SD_DF,mc,not_sequential,all,0.0,92195.02299999994,0.4793977975845337,0.8959216117858887,0.0,3.878022263676e-05,0.3,0.6353969287775807,0.36460307122241986,0.4352381870156563,0.5647618129843437,9.7,758.3,0.18174389487940867,0.8182561051205912,69190.0,20.0,64596.0,
75,20,SD_DF,sp,not_sequential,all,0.0,92195.023,0.5732901096343994,1.7756678104400634,0.0,3.878022263613483e-05,0.3,0.6353792300638896,0.3646207699361105,0.4352497454815025,0.5647502545184975,9.7,758.2,0.18162154747247028,0.8183784525275296,134520.0,20.0,34920.0,
75,20,SD_DF,spc,not_sequential,all,0.0,92195.023,0.4560366630554199,1.4316148042678833,0.0,3.878022263611998e-05,0.3,0.6354082199281742,0.3645917800718258,0.43523097023493307,0.5647690297650669,9.7,758.3,0.1817839195898004,0.8182160804101996,117020.0,20.0,18750.0,
75,20,SD_DF,tp,not_sequential,all,0.0,92195.023,0.5217585802078247,1.0855386972427368,0.0,3.87802226361551e-05,0.3,0.6354082199281741,0.3645917800718259,0.43523097023493307,0.5647690297650669,9.7,758.3,0.1817839195898004,0.8182160804101997,134520.0,20.0,48750.0,
75,20,SD_DF,tpc,not_sequential,all,0.0,92195.023,0.435408878326416,0.9588531732559205,0.0,3.878022263615118e-05,0.3,0.6354082199281742,0.3645917800718259,0.43523097023493307,0.5647690297650669,9.7,758.3,0.1817839195898004,0.8182160804101996,118560.0,20.0,33000.0,
75,20,DD_SF,owmr,not_sequential,all,0.0,93090.39600000015,0.0088570117950439,295.11421341896056,8.290235125762097e-05,0.9670113913275633,3714.6,0.6335129390540111,0.3664870609459888,0.44102582469503976,0.5589741753049602,9.9,766.8999999999988,0.18934211426477146,0.8106578857352286,4636.0,1520.0,3116.0,
75,20,SD_SF,es,not_sequential,all,0.0,93417.06799999998,0.0254104614257812,194.12773978710175,6.981011485741383e-05,0.7562579822272057,2739.2,0.6313324872687002,0.36866751273129983,0.4268389252957185,0.5731610747042815,9.699999999999998,766.1999999999978,0.192954543952352,0.8070454560476472,4636.0,1520.0,3136.0,
75,20,SD_DF,ses,not_sequential,all,0.0,92195.023,0.31823029518127444,13.440185642242431,3.1967696644206596e-05,0.0773798640658528,940.2,0.6353792300638896,0.36462076993611026,0.4352497454815025,0.5647502545184975,9.7,758.2,0.18162154747247028,0.8183784525275298,17480.0,1520.0,17500.0,
100,20,DD_DF,mc,not_sequential,all,0.0,115110.12799999975,0.9188412666320801,1.6056894063949585,0.0,0.0001997618589478712,0.6,0.6254989652024998,0.3745010347975024,0.37732474392703663,0.6226752560729635,9.9,1029.5,0.17269244888067684,0.8273075511193234,92240.0,20.0,86121.0,
100,20,DD_DF,sp,not_sequential,all,0.0,115110.12799999998,0.6816129684448242,2.1815264940261843,0.0,0.00019976185894575544,0.6,0.6255094219433535,0.3744905780566466,0.3773181928584935,0.6226818071415066,9.9,1029.6,0.1727455302464167,0.827254469753583,178770.0,20.0,46420.0,
100,20,DD_DF,spc,not_sequential,all,0.0,115110.12799999998,0.6047549247741699,1.864475917816162,0.0,0.00019976185894579759,0.6,0.6254821527591747,0.3745178472408255,0.3773351174091462,0.6226648825908538,9.9,1029.4,0.1726814168138615,0.8273185831861383,156020.0,20.0,25000.0,
75,20,SD_SF,owmr,not_sequential,all,0.0,93417.00200000012,0.0088910341262817,274.1571791887283,9.281984401577026e-05,0.9683601756813716,4232.3,0.6313508632528964,0.36864913674710376,0.42682293410392746,0.5731770658960723,9.7,766.199999999997,0.1931458612224239,0.8068541387775762,4636.0,1520.0,3116.0,
100,20,DD_DF,tp,not_sequential,all,0.0,115110.12799999998,0.7720303058624267,1.7654811143875122,0.0,0.00019976185894575855,0.6,0.6254834868810913,0.3745165131189089,0.3773341261758678,0.6226658738241322,9.9,1029.4,0.17263402835900138,0.8273659716409986,178770.0,20.0,65000.0,
100,20,DD_DF,tpc,not_sequential,all,0.0,115110.12799999998,0.6912204504013062,1.5679082155227662,0.0,0.0001997618589458192,0.6,0.6254796239942098,0.37452037600579047,0.3773362795525519,0.6226637204474481,9.9,1029.4,0.17261961731718703,0.8273803826828129,157560.0,20.0,44000.0,
75,20,SD_DF,es,not_sequential,all,0.0,92195.30399999996,0.0263931274414062,129.40041756629944,9.005992274777366e-05,0.7508617506288336,2393.2,0.6353465780596079,0.3646534219403923,0.435270258957409,0.564729741042591,9.7,758.5,0.18205459333090684,0.8179454066690918,4636.0,1520.0,3136.0,
75,20,SD_DF,owmr,not_sequential,all,0.0,92195.38000000022,0.00896482467651363,213.58942034244538,7.899039461680245e-05,0.967305495489288,3097.5,0.635178312161334,0.3648216878386659,0.4353869698394887,0.5646130301605113,9.700000000000012,758.1000000000022,0.18231031484299193,0.8176896851570076,4636.0,1520.0,3116.0,
100,20,DD_DF,ses,not_sequential,all,0.0,115110.12799999998,0.4635778903961182,29.226678562164306,1.5889968034321017e-05,0.08555462939662957,1509.4,0.6255369917962622,0.37446300820373807,0.3773041796222777,0.6226958203777223,9.9,1029.4,0.1725553298620353,0.827444670137964,23230.0,2020.0,23250.0,
100,20,DD_SF,mc,not_sequential,all,0.0,114792.44499999967,0.861535120010376,1.5694031476974488,0.0,0.0001201172765116407,0.6,0.6391846937913286,0.36081530620867414,0.38077547879510476,0.6192245212048951,10.6,1049.7,0.17353702607046326,0.8264629739295373,92240.0,20.0,86121.0,
100,20,DD_SF,sp,not_sequential,all,0.0,114792.44499999999,0.6691581964492798,2.1313672780990602,0.0,0.00012011727650933324,0.6,0.6391956954937977,0.3608043045062022,0.3807686619524386,0.6192313380475614,10.6,1049.8,0.1735425871754174,0.8264574128245827,178770.0,20.0,46420.0,
100,20,DD_SF,spc,not_sequential,all,0.0,114792.44499999999,0.5635157346725463,1.8444632530212401,0.0,0.00012011727650937361,0.6,0.6391783421374677,0.3608216578625322,0.3807788153990038,0.6192211846009962,10.6,1049.7,0.17353419793692498,0.8264658020630751,156020.0,20.0,25000.0,
100,20,DD_SF,tp,not_sequential,all,0.0,114792.44499999999,0.7546759843826294,1.7719246864318847,0.0,0.00012011727650940339,0.6,0.6391798781955434,0.3608201218044565,0.38077834460823173,0.6192216553917682,10.6,1049.7,0.17349182562863372,0.8265081743713664,178770.0,20.0,65000.0,
100,20,DD_SF,tpc,not_sequential,all,0.0,114792.44499999999,0.6883985042572022,1.6066510200500488,0.0,0.00012011727650934572,0.6,0.6391798781955434,0.3608201218044565,0.38077834460823173,0.6192216553917682,10.6,1049.7,0.17349182562863374,0.8265081743713664,157560.0,20.0,44000.0,
100,20,DD_DF,owmr,not_sequential,all,0.0,115110.5990000002,0.01218450069427486,289.25320682525637,8.996383990264885e-05,0.9732722872395069,3380.7,0.6256485557148509,0.37435144428514916,0.37723288263099225,0.6227671173690076,9.899999999999997,1029.4000000000008,0.17229928931132496,0.8277007106886753,6161.0,2020.0,4141.0,
100,20,DD_SF,ses,not_sequential,all,0.0,114792.44499999999,0.47778241634368895,37.40215518474579,6.325100843832405e-05,0.09119558357356441,2138.1,0.6391783421374677,0.36082165786253184,0.3807788153990038,0.6192211846009962,10.6,1049.7,0.1735341979369252,0.8264658020630758,23230.0,2020.0,23250.0,
100,20,SD_SF,mc,not_sequential,all,0.0,115807.05099999916,0.9344891548156739,1.5183612823486328,0.0,1.7171482229828795e-06,0.0,0.6391416262661217,0.3608583737338856,0.3802857375062879,0.619714262493712,10.5,1052.9,0.16923062656028393,0.8307693734397159,92240.0,20.0,86121.0,
100,20,DD_DF,es,not_sequential,all,0.0,115110.50699999995,0.0394412755966186,333.73234033584595,8.299803844138978e-05,0.7606440008467505,2212.2,0.6256142165214602,0.3743857834785399,0.3772565234876037,0.6227434765123963,9.9,1029.600000000001,0.17278505798441296,0.8272149420155864,6161.0,2020.0,4161.0,
100,20,SD_SF,sp,not_sequential,all,0.0,115807.051,0.6888879060745239,1.8946090936660767,0.0,1.7171482159555477e-06,0.0,0.6390670797353263,0.3609329202646738,0.38032677841560536,0.6196732215843945,10.5,1052.8,0.16919627530839082,0.8308037246916093,178770.0,20.0,46420.0,
100,20,SD_SF,spc,not_sequential,all,0.0,115807.051,0.5785241842269897,1.6458573579788207,0.0,1.7171482160300384e-06,0.0,0.6390670797353263,0.36093292026467383,0.38032677841560536,0.6196732215843945,10.5,1052.8,0.16919627530839076,0.8308037246916091,156020.0,20.0,25000.0,
100,20,SD_SF,tp,not_sequential,all,0.0,115807.051,0.7598116397857666,1.4447489738464356,0.0,1.7171482159800308e-06,0.0,0.6390950061602335,0.3609049938397665,0.3803149118448578,0.6196850881551421,10.5,1052.7,0.1690704569070976,0.8309295430929025,178770.0,20.0,65000.0,
100,20,SD_SF,tpc,not_sequential,all,0.0,115807.051,0.6706836223602295,1.280478596687317,0.0,1.7171482160047652e-06,0.0,0.6389372433839673,0.3610627566160328,0.3804091077655106,0.6195908922344893,10.5,1052.5,0.1690771171092128,0.8309228828907871,157560.0,20.0,44000.0,
100,20,DD_SF,owmr,not_sequential,all,0.0,114792.97800000015,0.01150138378143306,393.4452378034592,9.402713432415675e-05,0.9740578633191228,3878.2,0.6391740291505199,0.36082597084947976,0.3807797491441219,0.6192202508558782,10.599999999999984,1049.500000000004,0.17355855252444835,0.8264414474755524,6161.0,2020.0,4141.0,
100,20,SD_SF,ses,not_sequential,all,0.0,115807.051,0.48914461135864257,25.263617825508117,3.0406039389940667e-05,0.08655484972305792,1411.5,0.639141626266117,0.360858373733883,0.3802857375062879,0.619714262493712,10.5,1052.9,0.16923062656028387,0.8307693734397157,23230.0,2020.0,23250.0,
100,20,SD_DF,mc,not_sequential,all,0.0,114120.28199999966,0.8394559383392334,1.553068995475769,0.0,9.84192885405587e-05,0.3,0.6340421413531561,0.36595785864684666,0.3767240080328559,0.6232759919671442,10.6,1043.5,0.1770215938551018,0.8229784061448987,92240.0,20.0,86121.0,
100,20,SD_DF,sp,not_sequential,all,0.0,114120.282,0.7132779121398926,2.215343713760376,0.0,9.841928853806849e-05,0.3,0.6340664786930221,0.36593352130697776,0.37670969152620865,0.6232903084737913,10.6,1043.6,0.1771474158521562,0.8228525841478438,178770.0,20.0,46420.0,
100,20,SD_DF,spc,not_sequential,all,0.0,114120.28199999998,0.62190260887146,1.8906813621520997,0.0,9.841928853805956e-05,0.3,0.6340664786930221,0.36593352130697776,0.37670969152620865,0.6232903084737913,10.6,1043.6,0.17714741585215615,0.8228525841478438,156020.0,20.0,25000.0,
100,20,SD_DF,tp,not_sequential,all,0.0,114120.282,0.8250861883163452,1.8239999771118165,0.0,9.841928853816136e-05,0.3,0.6338798240620711,0.3661201759379289,0.3768210741593637,0.6231789258406363,10.6,1043.2,0.1768740687572745,0.8231259312427259,178770.0,20.0,65000.0,
100,20,DD_SF,es,not_sequential,all,0.0,114793.00299999995,0.03936543464660641,491.1115114450455,7.704274155705215e-05,0.7627365025807867,2700.0,0.6392553540790263,0.3607446459209735,0.38072976340921877,0.6192702365907812,10.6,1049.7000000000003,0.17345586901958376,0.826544130980416,6161.0,2020.0,4161.0,
100,20,SD_DF,tpc,not_sequential,all,0.0,114120.28199999998,0.6990275144577026,1.6101701498031615,0.0,9.841928853812602e-05,0.3,0.6340412555501833,0.3659587444498167,0.37672623576089986,0.6232737642391002,10.6,1043.5,0.17700624340373958,0.8229937565962604,157560.0,20.0,44000.0,
100,20,SD_SF,owmr,not_sequential,all,0.0,115807.29100000004,0.012465000152587849,274.2967075109482,9.367164675459422e-05,0.973714270144049,3125.7,0.6390553160024786,0.36094468399752155,0.38033425385427827,0.6196657461457216,10.5,1052.5000000000064,0.1688808339426245,0.8311191660573755,6161.0,2020.0,4141.0,
100,20,SD_SF,es,not_sequential,all,0.0,115807.29899999996,0.03658020496368404,297.2259030342102,8.350792456230857e-05,0.7622207163338942,2470.1,0.6389625255508277,0.36103747444917256,0.38039212998635835,0.6196078700136417,10.5,1052.5000000000014,0.16913857340001975,0.8308614265999793,6161.0,2020.0,4161.0,
50,25,DD_DF,mc,not_sequential,all,0.0,86519.22299999965,0.48272194862365725,0.8877846002578735,0.0,1.656692971853168e-05,0.0,0.5969518363762383,0.4030481636237659,0.5016092817706856,0.49839071822931436,10.4,605.2,0.2339394519783104,0.7660605480216891,70150.0,25.0,66326.0,
100,20,SD_DF,ses,not_sequential,all,0.0,114120.28199999998,0.4536717653274536,31.2618665933609,4.012378777299086e-05,0.08930051447741316,1734.4,0.6339056727495297,0.3660943272504701,0.3768047558177042,0.6231952441822959,10.6,1043.3,0.17712838328925457,0.8228716167107459,23230.0,2020.0,23250.0,
50,25,DD_DF,sp,not_sequential,all,0.0,86519.223,0.5750226020812989,1.6763971328735352,0.0,6.001840640276618e-06,0.0,0.5969518363762358,0.4030481636237641,0.5016092817706856,0.49839071822931436,10.4,605.2,0.2339394519783105,0.7660605480216893,167025.0,25.0,35650.0,
50,25,DD_DF,spc,not_sequential,all,0.0,86519.223,0.590202522277832,1.678259587287903,6.001840640176067e-06,6.001840640191926e-06,0.0,0.5969518363762358,0.40304816362376406,0.5016092817706856,0.49839071822931436,10.4,605.2,0.2339394519783105,0.7660605480216894,147525.0,25.0,18750.0,
50,25,DD_DF,tp,not_sequential,all,0.0,86519.223,0.5309517621994019,1.1406569242477418,0.0,1.6566929715980475e-05,0.0,0.596871355891412,0.40312864410858784,0.5016783320126363,0.4983216679873636,10.4,605.1,0.2338903660210904,0.7661096339789099,167025.0,25.0,50000.0,
50,25,DD_DF,tpc,not_sequential,all,0.0,86519.223,0.43065972328186036,1.0273853063583374,1.4592933250197632e-06,1.6566929715967448e-05,0.0,0.596871355891412,0.40312864410858795,0.5016783320126363,0.4983216679873636,10.4,605.1,0.2338903660210904,0.7661096339789097,150450.0,25.0,33750.0,
50,25,DD_DF,es,not_sequential,all,0.0,86519.27799999996,0.02152876853942866,115.9347811460495,8.79224985651168e-05,0.7706896585825245,2679.3,0.596949076301836,0.4030509236981641,0.5016112787990805,0.4983887212009194,10.4,605.2000000000005,0.233770538190057,0.7662294618099426,3876.0,1275.0,2626.0,
50,25,DD_DF,ses,not_sequential,all,0.0,86519.223,0.34644882678985595,23.359506607055664,4.280387040528774e-05,0.062062804560092145,1753.9,0.5969518363762358,0.4030481636237642,0.5016092817706856,0.49839071822931436,10.4,605.2,0.2339394519783105,0.7660605480216895,17850.0,1275.0,17875.0,
50,25,DD_SF,mc,not_sequential,all,0.0,86873.73299999967,0.4682358980178833,0.8197390079498291,0.0,3.805359554983918e-15,0.0,0.5795535530669077,0.42044644693309585,0.4935429312517144,0.5064570687482857,10.3,598.2,0.24530002596893602,0.7546999740310643,70150.0,25.0,66326.0,
100,20,SD_DF,owmr,not_sequential,all,0.0,114120.58800000045,0.01221897602081295,284.69930293560026,9.177529023477786e-05,0.9739815536562771,3516.2,0.6338447645139593,0.36615523548604056,0.3768405577629847,0.6231594422370155,10.599999999999977,1043.3000000000059,0.17706200543897313,0.8229379945610271,6161.0,2020.0,4141.0,
50,25,DD_SF,sp,not_sequential,all,0.0,86873.733,0.5734592914581299,1.6351054906845093,0.0,1.6439637690596393e-16,0.0,0.5794651726921277,0.42053482730787206,0.4936166974272189,0.5063833025727811,10.3,598.0,0.2450184272467153,0.7549815727532849,167025.0,25.0,35650.0,
50,25,DD_SF,tp,not_sequential,all,0.0,86873.733,0.5178569078445434,1.0733922243118286,0.0,1.0133769303440158e-16,0.0,0.579494339204081,0.4205056607959189,0.49359082381515257,0.5064091761848475,10.3,598.1,0.24512266180228687,0.7548773381977134,167025.0,25.0,50000.0,
50,25,DD_SF,spc,not_sequential,all,0.0,86873.73300000001,0.5544031381607055,1.6216068983078002,0.0,4.986456256650011e-17,0.0,0.5794320444292109,0.42056795557078885,0.4936476144175459,0.5063523855824539,10.3,598.0,0.24508788415100438,0.7549121158489956,147525.0,25.0,18750.0,
50,25,DD_SF,tpc,not_sequential,all,0.0,86873.733,0.4377340793609619,0.9662946462631226,0.0,1.3121336584692154e-16,0.0,0.579494339204081,0.42050566079591895,0.49359082381515257,0.5064091761848475,10.3,598.1,0.24512266180228676,0.7548773381977134,150450.0,25.0,33750.0,
50,25,DD_SF,es,not_sequential,all,0.0,86874.427,0.02059948444366449,112.62998864650726,8.604642119430956e-05,0.772385095515281,2263.1,0.579327924915874,0.4206720750841259,0.49373155527060913,0.5062684447293908,10.3,597.7999999999993,0.2446600364908888,0.7553399635091109,3876.0,1275.0,2626.0,
50,25,DD_SF,ses,not_sequential,all,0.0,86873.733,0.3267204284667969,21.091245579719544,3.201368435114683e-05,0.05917841714653823,1622.9,0.5794320444292109,0.42056795557078885,0.4936476144175459,0.5063523855824539,10.3,598.0,0.2450878841510044,0.7549121158489961,17850.0,1275.0,17875.0,
50,25,SD_SF,mc,not_sequential,all,0.0,87514.80999999974,0.440383243560791,0.8112435102462768,4.425640389765892e-06,1.4512760376884403e-05,0.0,0.5947508071087942,0.4052491928912089,0.5089493399058838,0.49105066009411624,10.3,599.0,0.23694128678585144,0.7630587132141481,70150.0,25.0,66326.0,
50,25,SD_SF,sp,not_sequential,all,0.0,87514.41399999999,0.5896053075790405,1.7035118818283081,0.0,5.427911490053737e-06,0.0,0.5946353172466132,0.40536468275338694,0.5085399463647371,0.4914600536352629,10.3,599.0,0.23858351246810786,0.7614164875318921,167025.0,25.0,35650.0,
100,20,SD_DF,es,not_sequential,all,0.0,114120.70799999998,0.03958096504211423,479.6844076871872,8.187104860835969e-05,0.7612168898634893,2886.0,0.6341345885002017,0.3658654114997979,0.37666995479473625,0.6233300452052637,10.6,1043.4000000000005,0.17690194237240747,0.8230980576275932,6161.0,2020.0,4161.0,
50,25,SD_SF,tp,not_sequential,all,0.0,87514.41399999999,0.4637915849685669,1.0117428064346314,0.0,1.0104266004499562e-05,0.0,0.5946353172466132,0.40536468275338694,0.5085399463647371,0.4914600536352629,10.3,599.0,0.23858351246810786,0.761416487531892,167025.0,25.0,50000.0,
50,25,SD_SF,spc,not_sequential,all,0.0,87514.55500000001,0.5548604249954223,1.6684718608856202,6.997720646955009e-06,6.997720647020424e-06,0.0,0.5943310249980703,0.4056689750019299,0.5085216882055515,0.49147831179444834,10.3,598.7,0.23646981437526526,0.7635301856247345,147525.0,25.0,18750.0,
50,25,SD_SF,tpc,not_sequential,all,0.0,87514.41399999999,0.4179930925369263,0.9254037857055664,3.9804684260072e-06,1.0104266004476211e-05,0.0,0.5946928163088036,0.40530718369119667,0.5084902263747875,0.49150977362521253,10.3,599.0,0.23847814764381065,0.7615218523561891,150450.0,25.0,33750.0,
50,25,SD_SF,es,not_sequential,all,0.0,87514.56399999997,0.02126607894897456,125.5783483505249,8.934867130730301e-05,0.7748135062108081,2639.8,0.5946374345275254,0.40536256547247485,0.508539402269433,0.4914605977305671,10.3,598.9000000000001,0.23855661096550249,0.7614433890344969,3876.0,1275.0,2626.0,
50,25,SD_SF,ses,not_sequential,all,0.0,87514.41399999999,0.32285940647125244,20.73718388080597,2.594023551885035e-05,0.060800550089610585,1480.5,0.5946796977628838,0.40532030223711635,0.5085032845016324,0.49149671549836754,10.3,599.0,0.23860858704843196,0.7613914129515679,17850.0,1275.0,17875.0,
50,25,SD_DF,mc,not_sequential,all,0.0,87765.26099999981,0.4345768213272095,0.8304721117019653,8.662187790315107e-06,2.844257544763692e-05,0.2,0.5967945483294564,0.40320545167054583,0.5033290707166652,0.4966709292833348,10.3,605.7,0.23867954841041783,0.7613204515895818,70150.0,25.0,66326.0,
50,25,SD_DF,sp,not_sequential,all,0.0,87765.261,0.5647298336029053,2.015545606613159,0.0,2.84425754467823e-05,0.0,0.5967518876358844,0.40324811236411573,0.503364262316858,0.4966357376831419,10.3,605.6,0.23865514422082418,0.7613448557791753,167025.0,25.0,35650.0,
50,25,SD_DF,spc,not_sequential,all,0.0,87765.261,0.5878364086151123,2.0197393894195557,0.0,2.8442575446806108e-05,0.3,0.5967945483294552,0.4032054516705449,0.5033290707166652,0.4966709292833348,10.3,605.7,0.2386795484104179,0.761320451589582,147525.0,25.0,18750.0,
50,25,SD_DF,tp,not_sequential,all,0.0,87765.261,0.5158069849014282,1.3006122827529907,9.059078614302953e-06,2.844257544680341e-05,0.0,0.5967518876358844,0.40324811236411595,0.503364262316858,0.4966357376831419,10.3,605.6,0.23865514422082415,0.7613448557791752,167025.0,25.0,50000.0,
50,25,SD_DF,tpc,not_sequential,all,0.0,87765.261,0.42924368381500244,1.0307944297790528,9.46743765124084e-06,2.844257544688986e-05,0.1,0.5967357826386647,0.4032642173613352,0.5033771542694848,0.49662284573051513,10.3,605.5,0.23859351362484746,0.7614064863751524,150450.0,25.0,33750.0,
50,25,DD_DF,owmr,not_sequential,all,0.0,86519.42700000023,0.007260894775390571,831.774584698677,9.307629372908572e-05,0.9647012974454585,12546.1,0.5969281908972344,0.403071809102766,0.5016276057686093,0.49837239423139074,10.400000000000016,605.100000000001,0.23360542836358827,0.7663945716364113,3876.0,1275.0,2601.0,
50,25,DD_SF,owmr,not_sequential,all,0.0,86874.06500000012,0.0067142724990844295,726.1557056903839,9.531712399612188e-05,0.9647032994417044,14507.5,0.579433217282804,0.4205667827171958,0.4936499124052484,0.5063500875947515,10.3,598.0000000000041,0.2450263108876906,0.7549736891123097,3876.0,1275.0,2601.0,
50,25,SD_DF,es,not_sequential,all,0.0,87765.26099999998,0.02127678394317622,88.0928071975708,8.632368099333972e-05,0.7729682698175705,2022.6,0.5967357826386647,0.4032642173613354,0.5033771542694849,0.496622845730515,10.3,605.4999999999998,0.2385935136248472,0.7614064863751524,3876.0,1275.0,2626.0,
75,25,DD_DF,mc,not_sequential,all,0.0,115552.62799999976,0.92120201587677,1.6363731384277345,7.5562969404862735e-06,2.093235466274176e-05,0.0,0.6032463425123795,0.39675365748762237,0.418344956691538,0.581655043308462,11.6,931.5,0.1964307658663348,0.8035692341336649,105200.0,25.0,99476.0,
50,25,SD_DF,ses,not_sequential,all,0.0,87765.26099999997,0.30908348560333254,15.055000519752502,5.450926606140776e-05,0.05736453953304869,1196.7,0.5967518876358844,0.4032481123641157,0.503364262316858,0.4966357376831419,10.3,605.6,0.2386551442208243,0.7613448557791757,17850.0,1275.0,17875.0,
75,25,DD_DF,sp,not_sequential,all,0.0,115552.628,0.9437377691268921,2.8659896850585938,0.0,2.093235466197259e-05,0.3,0.6032601343210626,0.3967398656789372,0.4183352929948483,0.5816647070051517,11.6,931.5,0.1964981782203028,0.8035018217796972,248900.0,25.0,53150.0,
75,25,DD_DF,spc,not_sequential,all,0.0,115552.628,0.8410265207290649,2.7788925170898438,3.380539241203898e-07,2.093235466189702e-05,0.5,0.6032464808378392,0.39675351916216084,0.41834578746508955,0.5816542125349105,11.6,931.5,0.19655001239647313,0.8034499876035269,221275.0,25.0,28125.0,
75,25,DD_DF,tp,not_sequential,all,0.0,115552.628,0.8459117174148559,1.8241157054901123,4.977125871205029e-06,2.093235466201826e-05,0.0,0.6032463425123784,0.3967536574876215,0.418344956691538,0.581655043308462,11.6,931.5,0.19643076586633484,0.8035692341336655,248900.0,25.0,75000.0,
75,25,DD_DF,tpc,not_sequential,all,0.0,115552.628,0.7296700239181518,1.7203997850418091,0.0,2.093235466197526e-05,0.3,0.6031589673524761,0.39684103264752396,0.4184059890882019,0.581594010911798,11.6,931.2,0.1962305976290944,0.8037694023709054,224200.0,25.0,50625.0,
50,25,SD_SF,owmr,not_sequential,all,0.0,87515.1480000002,0.00677158832550043,1072.7518027305603,9.32319729942954e-05,0.9643094942822537,17033.8,0.5946777360486635,0.40532226395133664,0.508498870228049,0.49150112977195093,10.3,598.8999999999994,0.2382149897158195,0.76178501028418,3876.0,1275.0,2601.0,
50,25,SD_DF,owmr,not_sequential,all,0.0,87765.89500000021,0.00710489749908442,853.7143072843552,9.280156310274569e-05,0.9644918191203316,12418.5,0.5968498148905315,0.40315018510946865,0.5032791846419858,0.4967208153580141,10.3,605.5999999999996,0.23879334708412472,0.7612066529158751,3876.0,1275.0,2601.0,
75,25,DD_SF,mc,not_sequential,all,0.0,116068.89299999978,0.9533616304397583,1.677883505821228,0.0,2.0252039258582226e-15,0.0,0.619067346358953,0.38093265364104895,0.43044787672410595,0.569552123275894,12.0,947.0,0.19427619433404128,0.8057238056659581,105200.0,25.0,99476.0,
75,25,DD_SF,sp,not_sequential,all,0.0,116068.89300000001,1.1965165615081788,2.9136913061141967,0.0,7.543084792323786e-17,0.0,0.6190742273572472,0.380925772642753,0.4304428699224916,0.5695571300775085,12.0,947.1,0.19436934896122376,0.8056306510387758,248900.0,25.0,53150.0,
75,25,DD_SF,spc,not_sequential,all,0.0,116068.893,1.0168112754821776,2.745870018005371,0.0,6.298304308361972e-17,0.0,0.619067346358952,0.3809326536410481,0.43044787672410595,0.569552123275894,12.0,947.0,0.19427619433404136,0.8057238056659584,221275.0,25.0,28125.0,
75,25,DD_DF,ses,not_sequential,all,0.0,115552.628,0.5726723909378052,81.8785811662674,4.2146200060629466e-05,0.07843044399813973,4493.1,0.603277438840986,0.3967225611590138,0.4183237844079672,0.5816762155920328,11.6,931.6,0.19656502261803233,0.8034349773819679,26600.0,1900.0,26625.0,
75,25,DD_SF,tp,not_sequential,all,0.0,116068.893,0.9460200309753418,1.9767399072647094,0.0,1.1295662606188362e-16,0.0,0.6191181629146805,0.38088183708531964,0.43041395161340984,0.5695860483865902,12.0,947.1,0.1941710402468594,0.8058289597531401,248900.0,25.0,75000.0,
75,25,DD_DF,es,not_sequential,all,0.0,115552.88299999996,0.0360207319259643,578.0502658128738,6.98940916453848e-05,0.7870232308869252,3298.7,0.6032388781207385,0.3967611218792614,0.4183483780880075,0.5816516219119924,11.6,931.7000000000002,0.19654934195141258,0.8034506580485875,5776.0,1900.0,3901.0,
75,25,DD_SF,tpc,not_sequential,all,0.0,116068.893,0.7500183343887329,1.6008516788482665,0.0,7.460089695298297e-17,0.0,0.6190700406682864,0.38092995933171375,0.4304458200756713,0.5695541799243287,12.0,946.9,0.19387703655327942,0.8061229634467205,224200.0,25.0,50625.0,
75,25,DD_SF,ses,not_sequential,all,0.0,116068.893,0.6296963930130005,86.60490148067474,3.8382475493336206e-05,0.0788365059911593,4339.1,0.6191181629146805,0.38088183708531964,0.43041395161340984,0.5695860483865902,12.0,947.1,0.19417104024685944,0.8058289597531404,26600.0,1900.0,26625.0,
75,25,SD_SF,mc,not_sequential,all,0.0,115829.47299999945,1.0204503059387207,1.4498815536499023,0.0,4.844970170483622e-15,0.0,0.6338335260114227,0.36616647398858204,0.43247585755893764,0.5675241424410624,12.2,953.7,0.186653227953094,0.813346772046906,105200.0,25.0,99476.0,
75,25,SD_SF,sp,not_sequential,all,0.0,115829.473,1.1022096633911134,2.88061408996582,0.0,1.0035121146627005e-16,0.0,0.6338866673593546,0.3661133326406454,0.43244098963125166,0.5675590103687485,12.2,953.7,0.18665845800239358,0.8133415419976068,248900.0,25.0,53150.0,
75,25,SD_SF,spc,not_sequential,all,0.0,115829.473,0.9699946403503418,2.6307981252670287,0.0,8.81804515451722e-17,0.0,0.6338866673593546,0.36611333264064544,0.43244098963125166,0.5675590103687485,12.2,953.7,0.18665845800239356,0.8133415419976066,221275.0,25.0,28125.0,
75,25,SD_SF,tp,not_sequential,all,0.0,115829.473,0.9957153797149658,1.9033836841583252,0.0,8.794140654960883e-17,0.0,0.6338805303682109,0.36611946963178904,0.4324451527222443,0.5675548472777556,12.2,953.7,0.18651243628826825,0.8134875637117315,248900.0,25.0,75000.0,
75,25,SD_SF,tpc,not_sequential,all,0.0,115829.473,0.8287668704986573,1.7870818376541138,0.0,6.328738181587658e-17,0.0,0.633954988010594,0.3660450119894059,0.4323943918300297,0.5676056081699703,12.2,953.8,0.1866931642499763,0.8133068357500239,224200.0,25.0,50625.0,
75,25,DD_DF,owmr,not_sequential,all,0.0,115552.63100000033,0.010053920745849548,1261.5401803016662,9.206053441335548e-05,0.9740651757594282,12117.1,0.603121327568918,0.3968786724310821,0.4184327649460645,0.5815672350539354,11.599999999999993,931.0999999999998,0.1962978283554022,0.8037021716445978,5776.0,1900.0,3876.0,
75,25,DD_SF,es,not_sequential,all,0.0,116069.08099999993,0.03739655017852779,735.6347126483918,9.095882441209151e-05,0.7902388803944941,3478.3,0.619006282346614,0.3809937176533861,0.4304893054559928,0.569510694544007,12.0,946.7999999999996,0.193865460458465,0.8061345395415345,5776.0,1900.0,3901.0,
75,25,SD_SF,ses,not_sequential,all,0.0,115829.473,0.6463249206542969,78.46244277954102,3.280694128413374e-05,0.07697080878845203,3887.6,0.6338744986732535,0.3661255013267465,0.4324471445294396,0.5675528554705604,12.2,953.7,0.18651554672713827,0.813484453272862,26600.0,1900.0,26625.0,
75,25,SD_DF,mc,not_sequential,all,0.0,116085.88699999964,0.989885950088501,1.8279332876205445,0.0,0.00010774437703246337,0.9,0.6132562300764406,0.3867437699235626,0.42314242412108394,0.5768575758789161,11.8,943.5,0.19835119932003983,0.8016488006799598,105200.0,25.0,99476.0,
75,25,SD_DF,sp,not_sequential,all,0.0,116085.88699999999,1.1298726320266723,3.424016833305359,0.0,0.00010665681052555577,0.9,0.613240025323414,0.38675997467658585,0.4231537858044496,0.5768462141955504,11.8,943.4,0.1982397923028007,0.8017602076971994,248900.0,25.0,53150.0,
75,25,SD_DF,spc,not_sequential,all,0.0,116085.88699999999,0.9543217182159424,3.2529690265655518,0.0,0.00010665681052557797,0.9,0.6132348104869263,0.3867651895130738,0.4231573958450551,0.5768426041549449,11.8,943.3,0.19814519502011976,0.8018548049798803,221275.0,25.0,28125.0,
75,25,SD_DF,tp,not_sequential,all,0.0,116085.88699999999,1.067188835144043,2.3619964599609373,0.0,0.00010774437703028312,0.9,0.6132405584547246,0.38675944154527564,0.42315296576779043,0.5768470342322096,11.8,943.4,0.19825164565687997,0.8017483543431195,248900.0,25.0,75000.0,
75,25,SD_DF,tpc,not_sequential,all,0.0,116085.88699999999,0.9404767990112305,2.067830443382263,0.0,0.0001077443770302426,0.9,0.6132069549657139,0.386793045034286,0.4231767067517097,0.5768232932482903,11.8,943.2,0.19799881983411807,0.802001180165882,224200.0,25.0,50625.0,
75,25,SD_SF,es,not_sequential,all,0.0,115830.41500000018,0.03540132045745846,595.9139728069306,8.888240854181277e-05,0.7823534240174462,3119.4,0.633975994754695,0.3660240052453049,0.4323769369538698,0.5676230630461303,12.2,954.10000000001,0.18679922844803332,0.8132007715519668,5776.0,1900.0,3901.0,
75,25,SD_SF,owmr,not_sequential,all,0.0,115830.98200000027,0.010074496269226029,1292.5475214004516,9.341764781471652e-05,0.9734089826519579,12245.9,0.6340285587550025,0.36597144124499775,0.4323372558650692,0.5676627441349305,12.2,953.6999999999989,0.18637027230756192,0.8136297276924382,5776.0,1900.0,3876.0,
75,25,SD_DF,ses,not_sequential,all,0.0,116085.88699999996,0.620744252204895,85.39877262115479,5.182007424026678e-05,0.07850312143912382,4444.8,0.6132400253234142,0.386759974676586,0.4231537858044496,0.5768462141955504,11.8,943.4,0.19823979230280062,0.801760207697199,26600.0,1900.0,26625.0,
100,25,DD_DF,mc,not_sequential,all,0.0,144450.3729999997,1.8094385623931886,2.6324910163879394,0.0,2.348254806357911e-15,0.0,0.638743100017945,0.36125689998205723,0.38513546847999763,0.6148645315200023,13.1,1299.9,0.16636749593942385,0.8336325040605764,140250.0,25.0,132626.0,
75,25,DD_SF,owmr,not_sequential,all,0.0,116069.08400000038,0.01050143241882319,1489.2403390169143,9.553309478053682e-05,0.9737582844438766,14965.0,0.6190585912394363,0.3809414087605638,0.43045345054227235,0.5695465494577278,12.0,947.0000000000033,0.19430468594760358,0.805695314052396,5776.0,1900.0,3876.0,
100,25,DD_DF,sp,not_sequential,all,0.0,144450.373,1.494201421737671,3.8026194095611574,0.0,1.8132776395894e-16,0.0,0.6387431000179435,0.36125689998205657,0.38513546847999763,0.6148645315200023,13.1,1299.9,0.16636749593942385,0.8336325040605759,330775.0,25.0,70650.0,
100,25,DD_DF,spc,not_sequential,all,0.0,144450.373,1.1374791145324707,3.4408528327941896,0.0,1.0066882206073257e-16,0.0,0.6387431000179435,0.36125689998205657,0.38513546847999763,0.6148645315200023,13.1,1299.9,0.16636749593942382,0.8336325040605759,295025.0,25.0,37500.0,
100,25,DD_DF,tp,not_sequential,all,0.0,144450.373,1.5321983098983765,2.7689749002456665,0.0,1.0150501512472496e-16,0.0,0.6387081394972189,0.361291860502781,0.38515555040091,0.61484444959909,13.1,1299.7,0.16619783035442665,0.8338021696455737,330775.0,25.0,100000.0,
100,25,DD_DF,tpc,not_sequential,all,0.0,144450.373,1.3110005140304566,2.488500881195068,0.0,1.6250623593250056e-16,0.0,0.6387081394972189,0.36129186050278117,0.38515555040091,0.61484444959909,13.1,1299.7,0.16619783035442656,0.8338021696455732,297950.0,25.0,67500.0,
75,25,SD_DF,es,not_sequential,all,0.0,116086.52799999996,0.03413209915161128,687.8809669017792,8.608945604323472e-05,0.7886646713725027,3838.5,0.6133922212881824,0.386607778711818,0.42304060794205656,0.5769593920579434,11.8,943.5,0.19802294304729787,0.8019770569527008,5776.0,1900.0,3901.0,
100,25,DD_DF,ses,not_sequential,all,0.0,144450.37299999996,1.0557784557342529,197.51468453407287,5.108061299099112e-05,0.08995379552409608,7720.4,0.6387431000179435,0.36125689998205646,0.38513546847999763,0.6148645315200023,13.1,1299.9,0.16636749593942385,0.8336325040605763,35350.0,2525.0,35375.0,
100,25,DD_SF,mc,not_sequential,all,0.0,143148.41599999933,1.61475350856781,3.206327486038208,0.0,8.903641058205279e-05,0.9,0.6353812617063506,0.36461873829365377,0.37857939518642797,0.621420604813572,13.2,1295.6,0.16672689326305123,0.833273106736949,140250.0,25.0,132626.0,
100,25,DD_SF,sp,not_sequential,all,0.0,143148.416,1.7026122093200684,6.233839917182922,0.0,8.85837163440821e-05,1.1,0.6353247600198403,0.3646752399801595,0.37861302300913874,0.6213869769908613,13.2,1295.5,0.16675315626617288,0.8332468437338274,330775.0,25.0,70650.0,
100,25,DD_SF,spc,not_sequential,all,0.0,143148.41600000003,1.4434661149978638,4.442209529876709,0.0,8.858371634402063e-05,1.1,0.6353092948047294,0.36469070519527047,0.3786224905884804,0.6213775094115196,13.2,1295.5,0.1667865629963216,0.8332134370036787,295025.0,25.0,37500.0,
100,25,DD_SF,tp,not_sequential,all,0.0,143148.41600000003,1.7071185111999512,4.014137005805969,0.0,8.903641057945222e-05,0.9,0.6352820053791255,0.3647179946208744,0.3786389195663943,0.6213610804336057,13.2,1295.4,0.16667626970825428,0.833323730291746,330775.0,25.0,100000.0,
100,25,DD_SF,tpc,not_sequential,all,0.0,143148.416,1.3786441087722778,3.4789512395858764,0.0,8.903641057941218e-05,0.9,0.6352717773512089,0.36472822264879107,0.37864435452169637,0.6213556454783037,13.2,1295.2,0.16656774576782957,0.8334322542321706,297950.0,25.0,67500.0,
75,25,SD_DF,owmr,not_sequential,all,0.0,116086.38300000034,0.01019520759582514,1693.2617849826813,9.774101364475496e-05,0.9737505866210732,14711.2,0.6133055974731263,0.38669440252687376,0.42310460855720555,0.5768953914427949,11.8,943.3000000000027,0.19806694797112104,0.8019330520288784,5776.0,1900.0,3876.0,
100,25,DD_DF,owmr,not_sequential,all,0.0,144450.97500000132,0.01372029781341548,1545.621418952942,9.488144798962167e-05,0.9788161867099916,13463.5,0.638559927935964,0.36144007206403633,0.38524356223498807,0.6147564377650117,13.1,1299.8999999999794,0.16665907339404434,0.8333409266059555,7676.0,2525.0,5151.0,
100,25,DD_SF,ses,not_sequential,all,0.0,143148.416,1.20480637550354,240.73000190258026,5.691707996258355e-05,0.09260325668377342,9750.5,0.6352012745745218,0.3647987254254782,0.3786864894166133,0.6213135105833867,13.2,1295.1,0.1666057318285275,0.8333942681714724,35350.0,2525.0,35375.0,
100,25,SD_SF,mc,not_sequential,all,0.0,143627.40799999953,1.680202341079712,3.565308094024658,9.014934035239991e-06,0.0001329766068506727,0.9,0.6365076400472868,0.36349235995271645,0.37806558517808375,0.6219344148219161,13.4,1311.3,0.16766002732399846,0.8323399726760021,140250.0,25.0,132626.0,
100,25,SD_SF,sp,not_sequential,all,0.0,143627.408,1.549712109565735,5.5663106679916385,9.014934035761604e-06,0.000132976606847832,0.9,0.636473339724458,0.3635266602755419,0.37808794065882634,0.6219120593411736,13.4,1311.3,0.1676794925219609,0.8323205074780393,330775.0,25.0,70650.0,
100,25,SD_SF,spc,not_sequential,all,0.0,143627.408,1.2858065605163573,4.608255362510681,8.63139608674305e-06,0.00013297660684781027,1.1,0.636472679612919,0.363527320387081,0.3780883541917715,0.6219116458082284,13.4,1311.3,0.16779456019008382,0.8322054398099163,295025.0,25.0,37500.0,
100,25,SD_SF,tp,not_sequential,all,0.0,143627.408,1.5587664365768432,3.841608166694641,6.348095753519989e-06,0.00013297660684789104,0.9,0.6364433885294986,0.36355661147050167,0.3781053594468774,0.6218946405531225,13.4,1311.1,0.16749286026339738,0.8325071397366024,330775.0,25.0,100000.0,
100,25,SD_SF,tpc,not_sequential,all,0.0,143627.77,1.3763099193572998,3.8001516103744506,3.4804269533670583e-06,0.000135571424832502,0.9,0.6356571932468302,0.36434280675316966,0.3776953114358462,0.6223046885641537,13.3,1308.7,0.16724275194340596,0.8327572480565945,297950.0,25.0,67500.0,
100,25,DD_SF,owmr,not_sequential,all,0.0,143148.80100000076,0.01353971958160396,1494.830612063408,9.876177308777419e-05,0.9792715483159725,13101.7,0.6351523144565624,0.3648476855434376,0.37871208288167246,0.6212879171183274,13.2,1295.0999999999888,0.1665982576451018,0.8334017423548981,7676.0,2525.0,5151.0,
100,25,DD_DF,es,not_sequential,all,0.0,144451.21599999993,0.056037807464599576,2273.8434286594393,8.72714479293908e-05,0.7959146271585407,5573.0,0.638785296451201,0.3612147035487993,0.3851073757900125,0.6148926242099876,13.1,1299.9000000000049,0.166280482813127,0.8337195171868718,7676.0,2525.0,5176.0,
100,25,SD_SF,ses,not_sequential,all,0.0,143627.408,1.0393483877182006,235.22050187587737,5.193847862893717e-05,0.0898452348311051,9056.7,0.6364322501781277,0.36356774982187234,0.378113730840128,0.6218862691598719,13.4,1311.1,0.1676004996615399,0.8323995003384604,35350.0,2525.0,35375.0,
100,25,SD_DF,mc,not_sequential,all,0.0,143383.77999999927,1.7078638553619385,3.502520298957825,0.0,0.00029335676857924917,1.1,0.63481257140508,0.36518742859492515,0.3756944786018984,0.6243055213981016,13.4,1304.5,0.16505524528629242,0.8349447547137077,140250.0,25.0,132626.0,
100,25,SD_DF,sp,not_sequential,all,0.0,143383.77999999997,1.7463819980621338,6.524930167198181,0.0,0.00029335676857718203,1.1,0.6347923907337897,0.36520760926621043,0.37570669054507083,0.6242933094549292,13.4,1304.4,0.16495444791157346,0.8350455520884263,330775.0,25.0,70650.0,
100,25,SD_DF,spc,not_sequential,all,0.0,143383.77999999997,1.2858902215957642,5.399052524566651,0.0,0.00029335676857714023,1.1,0.6347598781546887,0.3652401218453114,0.37572530120843667,0.6242746987915633,13.4,1304.4,0.1650336266849391,0.8349663733150606,295025.0,25.0,37500.0,
100,25,SD_DF,tp,not_sequential,all,0.0,143383.77999999997,1.6739474296569825,4.25242965221405,0.0,0.00029335676857716045,1.1,0.6348125714050769,0.36518742859492315,0.3756944786018984,0.6243055213981016,13.4,1304.5,0.16505524528629242,0.8349447547137073,330775.0,25.0,100000.0,
100,25,SD_DF,tpc,not_sequential,all,0.0,143383.78,1.419251847267151,3.765515685081482,0.0,0.00029335676857718024,1.1,0.6348125714050769,0.3651874285949233,0.3756944786018984,0.6243055213981016,13.4,1304.5,0.1650552452862923,0.8349447547137073,297950.0,25.0,67500.0,
100,25,DD_SF,es,not_sequential,all,0.0,143149.06899999996,0.059620642662048286,2398.9929525375364,8.832554850460748e-05,0.7997078115580715,5993.9,0.6353467340500304,0.3646532659499695,0.3785985360665779,0.6214014639334222,13.199999999999989,1295.2999999999995,0.16666907957016938,0.8333309204298305,7676.0,2525.0,5176.0,
100,25,SD_SF,owmr,not_sequential,all,0.0,143627.480000001,0.0138328075408935,1643.5403047084808,9.914696425139514e-05,0.9791890007536503,15179.2,0.6363524660845191,0.363647533915481,0.378161216272617,0.6218387837273828,13.4,1310.8999999999953,0.16766718794556612,0.8323328120544342,7676.0,2525.0,5151.0,
100,25,SD_DF,ses,not_sequential,all,0.0,143383.77999999997,1.0286302089691162,196.74840619564057,2.7701647832386207e-05,0.08682925021645124,7493.0,0.6347598781546887,0.36524012184531146,0.37572530120843667,0.6242746987915633,13.4,1304.4,0.16503362668493907,0.8349663733150605,35350.0,2525.0,35375.0,
50,30,DD_DF,mc,not_sequential,all,0.0,103401.59499999977,0.7417334794998169,1.285111379623413,0.0,2.3427599937356104e-15,0.0,0.5964168360062867,0.4035831639937153,0.5006621139325732,0.49933788606742685,12.4,722.2,0.23369171103208292,0.7663082889679171,99160.0,30.0,94581.0,
50,30,DD_DF,sp,not_sequential,all,0.0,103401.595,1.1813340663909913,3.235374355316162,0.0,9.875576605746369e-17,0.0,0.5964485748967812,0.4035514251032189,0.5006364782505329,0.49936352174946713,12.4,722.3,0.23381743517574197,0.7661825648242578,278205.0,30.0,50430.0,
50,30,DD_DF,spc,not_sequential,all,0.0,103401.595,1.1446814298629762,3.23106689453125,0.0,8.340759372860671e-17,0.0,0.5964813056276048,0.403518694372395,0.5006100686040792,0.4993899313959208,12.4,722.4,0.2340132570313677,0.7659867429686326,249530.0,30.0,26250.0,
50,30,DD_DF,tp,not_sequential,all,0.0,103401.595,0.9399344205856324,1.9357788562774658,0.0,1.551882918135394e-16,0.0,0.5964039187593364,0.4035960812406634,0.5006724225557633,0.4993275774442368,12.4,722.1,0.23362183867803052,0.7663781613219703,278205.0,30.0,71250.0,
50,30,DD_DF,tpc,not_sequential,all,0.0,103401.595,0.7758715867996215,1.6804596185684204,0.0,1.1364114230453994e-16,0.0,0.5964555177790771,0.4035444822209229,0.500630873902044,0.499369126097956,12.4,722.3,0.23392817124289095,0.7660718287571091,254490.0,30.0,48000.0,
100,25,SD_DF,owmr,not_sequential,all,0.0,143384.1100000005,0.01450505256652826,1591.742332458496,0.0012808490738908664,0.9792096439004634,13083.7,0.6347672279996757,0.3652327720003244,0.3757204516911525,0.6242795483088475,13.4,1304.600000000012,0.1652489342061557,0.8347510657938445,7676.0,2525.0,5151.0,
100,25,SD_SF,es,not_sequential,all,0.0,143627.98499999993,0.05654678344726558,2187.449120283127,8.661465517283701e-05,0.7970005100729233,5806.4,0.6365434739023311,0.363456526097669,0.37804434976714696,0.621955650232853,13.400000000000011,1311.3,0.16761914548888676,0.8323808545111125,7676.0,2525.0,5176.0,
50,30,DD_DF,ses,not_sequential,all,0.0,103401.595,0.5419070005416871,81.90223274230956,5.708436045817996e-05,0.05998694732256079,4278.1,0.5964842811485889,0.4035157188514109,0.500607669092686,0.4993923309073141,12.4,722.4,0.23397511889115935,0.7660248811088411,25245.0,1530.0,25275.0,
50,30,DD_SF,mc,not_sequential,all,0.0,105737.33099999977,1.6729634284973145,2.855954623222351,0.0,0.00031070366357337725,1.1,0.6157882929046978,0.38421170709530433,0.5371109226315459,0.46288907736845414,12.4,709.1,0.21206816892748828,0.7879318310725117,99160.0,30.0,94581.0,
50,30,DD_SF,sp,not_sequential,all,0.0,105737.331,1.7932002067565918,5.086446833610535,0.0,0.0003011683026810535,1.1,0.6157882929046965,0.3842117070953034,0.5371109226315459,0.46288907736845414,12.4,709.1,0.21206816892748837,0.7879318310725119,278205.0,30.0,50430.0,
50,30,DD_SF,spc,not_sequential,all,0.0,105737.331,1.3415493965148926,5.029116630554199,0.0,0.00030116830268096524,1.1,0.6158415907416704,0.38415840925832956,0.5370740807467527,0.4629259192532473,12.4,709.2,0.2121735485530488,0.7878264514469511,249530.0,30.0,26250.0,
50,30,DD_SF,tp,not_sequential,all,0.0,105737.331,1.6668428182601929,3.5435447454452516,0.0,0.0003107036635728156,1.1,0.6158081354325913,0.3841918645674087,0.5370914691749066,0.4629085308250936,12.4,709.2,0.21212265995843796,0.787877340041562,278205.0,30.0,71250.0,
50,30,DD_SF,tpc,not_sequential,all,0.0,105737.331,1.330950379371643,3.2129759550094605,0.0,0.0003107036635727703,1.1,0.6157712399609526,0.38422876003904743,0.537143158072347,0.46285684192765303,12.4,709.1,0.21196529025755523,0.7880347097424444,254490.0,30.0,48000.0,
50,30,DD_DF,es,not_sequential,all,0.0,103402.09699999998,0.02709345817565913,370.3183569908142,9.472866639784232e-05,0.795964315695722,4739.2,0.5964487254608837,0.40355127453911643,0.5006388823499351,0.49936111765006486,12.4,722.2999999999998,0.23348976461269239,0.766510235387307,4641.0,1530.0,3141.0,
100,25,SD_DF,es,not_sequential,all,0.0,143384.0199999996,0.05489096641540523,1617.1188443899155,8.533236059019459e-05,0.7942740059703454,4895.8,0.6348061249164237,0.3651938750835762,0.37569806983845405,0.6243019301615459,13.4,1304.4000000000376,0.1649598182476927,0.8350401817523065,7676.0,2525.0,5176.0,
50,30,DD_SF,ses,not_sequential,all,0.0,105737.331,0.6679505348205567,558.6073046922684,9.453451166038759e-05,0.08383896008078348,42007.1,0.6157882929046965,0.3842117070953034,0.5371109226315459,0.46288907736845414,12.4,709.1,0.21206816892748837,0.787931831072512,25245.0,1530.0,25275.0,
50,30,SD_SF,mc,not_sequential,all,0.0,101789.81599999983,1.5792747735977173,3.3683968067169188,1.8783246470494295e-06,0.00044281990040673637,2.0,0.6192242450692459,0.3807757549307565,0.5041658402043311,0.4958341597956689,13.3,735.9,0.16792293648211523,0.8320770635178836,99160.0,30.0,94581.0,
50,30,SD_SF,sp,not_sequential,all,0.0,101789.81599999998,1.7205017805099487,6.177192187309265,2.0214366615544827e-06,0.0003012514483062865,1.6,0.6192243087487441,0.3807756912512561,0.5041713846368455,0.4958286153631545,13.3,736.0,0.1680491820791648,0.8319508179208348,278205.0,30.0,50430.0,
50,30,SD_SF,spc,not_sequential,all,0.0,101789.81599999999,1.8033571720123291,5.376776099205017,4.2030432542284785e-06,0.00030125144830641287,1.6,0.6192166713970354,0.38078332860296465,0.5041713006010021,0.4958286993989979,13.3,736.0,0.168055172895284,0.8319448271047161,249530.0,30.0,26250.0,
50,30,SD_SF,tp,not_sequential,all,0.0,101789.81599999999,1.592604398727417,4.843079018592834,7.324416782831222e-06,0.0004428199004053498,2.1,0.6192191209288302,0.3807808790711701,0.5041713459633014,0.4958286540366986,13.3,735.8,0.16782583342888693,0.8321741665711127,278205.0,30.0,71250.0,
50,30,SD_SF,tpc,not_sequential,all,0.0,101789.81599999999,1.2664313077926637,4.014197278022766,0.0,0.00044281990040527747,2.3,0.6191786148271844,0.38082138517281605,0.5042105747974635,0.49578942520253655,13.3,735.7,0.16770213109743004,0.8322978689025696,254490.0,30.0,48000.0,
50,30,DD_DF,owmr,not_sequential,all,0.0,103402.27900000037,0.007692337036132769,4246.358789491654,0.0066935758431104515,0.9701133211959023,52431.5,0.596551305413437,0.40344869458656313,0.5005510655410251,0.49944893445897487,12.4,722.3000000000073,0.23392115616867648,0.7660788438313232,4641.0,1530.0,3111.0,
50,30,DD_SF,es,not_sequential,all,0.0,105737.878,0.027429890632629343,4049.019370341301,9.620121390474965e-05,0.8059237953973837,27148.0,0.6158211574010062,0.38417884259899376,0.5370886264907135,0.46291137350928657,12.4,709.1000000000001,0.21207364775793547,0.7879263522420642,4641.0,1530.0,3141.0,
50,30,SD_SF,ses,not_sequential,all,0.0,101789.81599999999,0.6744426012039184,770.8443353652954,9.540488269461629e-05,0.08669289236216779,58914.2,0.6191725939216032,0.3808274060783978,0.5042076271064485,0.4957923728935515,13.3,735.9,0.16807177668864448,0.8319282233113542,25245.0,1530.0,25275.0,
50,30,SD_DF,mc,not_sequential,all,0.0,103145.95799999993,0.6126214742660523,1.1089131116867066,9.053227471100632e-06,9.053227471610883e-06,0.0,0.5747130631396394,0.42528693686036084,0.49929130181261094,0.5007086981873891,12.0,706.4,0.20659451871030954,0.7934054812896913,99160.0,30.0,94581.0,
50,30,SD_DF,sp,not_sequential,all,0.0,103145.958,1.0887619733810425,3.0802718877792357,0.0,9.779640079209591e-17,0.0,0.5746142839472655,0.42538571605273434,0.49937657263576146,0.5006234273642386,12.0,706.4,0.20678259275786304,0.793217407242137,278205.0,30.0,50430.0,
50,30,SD_DF,spc,not_sequential,all,0.0,103145.95800000001,1.166120982170105,3.1666165351867677,0.0,8.467951877161123e-17,0.0,0.5746392073220926,0.4253607926779074,0.49935991436324006,0.5006400856367599,12.0,706.4,0.20671832789662878,0.7932816721033712,249530.0,30.0,26250.0,
50,30,SD_DF,tp,not_sequential,all,0.0,103145.958,0.8069448947906495,1.7071036100387573,9.053227470910466e-06,9.053227471149446e-06,0.0,0.5747220156136403,0.4252779843863599,0.49928319721732645,0.5007168027826736,12.0,706.4,0.2065782728910756,0.7934217271089242,278205.0,30.0,71250.0,
50,30,SD_DF,tpc,not_sequential,all,0.0,103145.958,0.6805999040603637,1.4772857189178468,9.053227470910466e-06,9.053227471092226e-06,0.0,0.5746625932132838,0.42533740678671605,0.49933448228173793,0.5006655177182621,12.0,706.3,0.20647681471166734,0.7935231852883329,254490.0,30.0,48000.0,
50,30,SD_SF,es,not_sequential,all,0.0,101791.59999999995,0.02235922813415521,3668.397315573692,0.0037453819953946685,0.811975238376481,26563.9,0.6193805955910444,0.38061940440895653,0.5040038544827021,0.49599614551729776,13.3,736.6999999999996,0.16971613525896784,0.8302838647410302,4641.0,1530.0,3141.0,
50,30,SD_DF,es,not_sequential,all,0.0,103146.601,0.0222664356231689,349.72808969020844,9.793370997667223e-05,0.7996240309445629,4329.3,0.5743870830370245,0.425612916962975,0.4995773234309442,0.5004226765690558,12.0,706.1,0.20659845850543648,0.7934015414945643,4641.0,1530.0,3141.0,
50,30,SD_DF,ses,not_sequential,all,0.0,103145.95800000001,0.6148463487625122,73.59960269927979,3.9721802702701015e-05,0.059313354028983634,3934.4,0.574436284579108,0.4255637154208915,0.4995338987012766,0.5004661012987233,12.0,706.2,0.2068505804410309,0.7931494195589701,25245.0,1530.0,25275.0,
75,30,DD_DF,mc,not_sequential,all,0.0,138476.78799999962,1.1952489852905273,2.031849217414856,0.0,2.858902645149571e-15,0.0,0.602362198128613,0.3976378018713895,0.42386121059630105,0.5761387894036989,13.8,1121.2,0.20210622124514024,0.7978937787548597,148710.0,30.0,141856.0,
75,30,DD_DF,sp,not_sequential,all,0.0,138476.788,1.6015471696853638,4.364419603347779,0.0,1.4626370921070128e-16,0.0,0.6022915586163337,0.3977084413836662,0.42391048662907654,0.5760895133709235,13.8,1121.1,0.20226484565110261,0.7977351543488973,414580.0,30.0,75180.0,
50,30,DD_SF,owmr,not_sequential,all,0.0,105850.24099999966,0.008329606056213329,7200.004014587403,0.09587939085287646,0.9722544707580347,209770.3,0.6159710689688784,0.3840289310311216,0.5365257329649444,0.46347426703505545,12.4,709.7000000000108,0.2130454831822563,0.7869545168177438,4641.0,1530.0,3111.0,
75,30,DD_DF,spc,not_sequential,all,0.0,138476.78799999997,1.5521448373794555,4.53740816116333,0.0,1.2566502830314965e-16,0.0,0.602347122147546,0.397652877852454,0.42387223068816926,0.576127769311831,13.8,1121.3,0.20228138071601615,0.7977186192839837,374280.0,30.0,39375.0,
75,30,DD_DF,tp,not_sequential,all,0.0,138476.788,1.2940498828887939,2.6555113077163695,0.0,1.0519707201073875e-16,0.0,0.6023534500813748,0.3976465499186253,0.42386734908970725,0.5761326509102929,13.8,1121.1,0.2020278272880261,0.7979721727119744,414580.0,30.0,106875.0,
75,30,DD_DF,tpc,not_sequential,all,0.0,138476.788,1.1380921840667724,2.4622095823287964,0.0,8.391274866603294e-17,0.0,0.6023723514605211,0.3976276485394787,0.42385440460574975,0.5761455953942504,13.8,1121.2,0.20208725929210428,0.7979127407078958,379240.0,30.0,72000.0,
50,30,SD_SF,owmr,not_sequential,all,0.0,101856.60999999839,0.009394216537475521,7200.003905868531,0.09287977581918654,0.97531277526217,141586.0,0.6230326795214934,0.3769673204785069,0.5065344238885825,0.49346557611141745,13.4,736.5000000000281,0.1633127922179312,0.8366872077820682,4641.0,1530.0,3111.0,
